strategy,risk,breaker,short_win_cohorts,short_win_pass_rate,short_win_failed,short_win_pass60,short_win_fail60,short_win_med,stress_cohorts,stress_pass_rate,stress_failed,stress_pass60,stress_fail60,stress_med,short_held0_usd_day,final_usd_day
NQ:S42[AC],500,500.0,94,0.618,34,0.451,0.244,46.0,381,0.124,331,0.076,0.673,53.0,19.3,0.1
NQ:LIVE_COMP,375,,94,0.511,44,0.451,0.463,31.5,381,0.171,310,0.073,0.703,63.0,-37.2,-15.4
NQ:LIVE_COMP,375,1000.0,94,0.511,44,0.451,0.463,31.5,381,0.171,310,0.073,0.703,63.0,-37.2,-15.4
NQ:LIVE_COMP,375,500.0,94,0.511,44,0.451,0.463,31.5,381,0.171,310,0.073,0.703,63.0,-37.2,-15.4
NQ:S42[AC],500,1000.0,94,0.618,34,0.451,0.244,46.0,381,0.124,331,0.076,0.673,53.0,19.3,0.1
NQ:S42[AC],500,,94,0.618,34,0.451,0.244,46.0,381,0.124,331,0.076,0.673,53.0,19.3,0.1
NQ:LIVE_COMP+MA100,375,1000.0,94,0.744,23,0.427,0.171,54.0,381,0.161,308,0.057,0.557,70.0,-12.3,-2.2
NQ:LIVE_COMP+MA100,375,500.0,94,0.744,23,0.427,0.171,54.0,381,0.161,308,0.057,0.557,70.0,-12.3,-2.2
NQ:LIVE_COMP+MA100,375,,94,0.744,23,0.427,0.171,54.0,381,0.161,308,0.057,0.557,70.0,-12.3,-2.2
NQ:LIVE_COMP,500,,94,0.378,56,0.39,0.598,21.5,381,0.217,296,0.141,0.778,31.0,-52.0,-21.5
NQ:LIVE_COMP,500,500.0,94,0.378,56,0.39,0.598,21.5,381,0.217,296,0.141,0.778,31.0,-52.0,-21.5
NQ:LIVE_COMP,500,1000.0,94,0.378,56,0.39,0.598,21.5,381,0.217,296,0.141,0.778,31.0,-52.0,-21.5
NQ:LIVE_COMP+MA100,500,,94,0.478,47,0.366,0.439,28.0,381,0.209,299,0.132,0.649,33.0,-17.2,-3.1
NQ:LIVE_COMP+MA100,500,1000.0,94,0.478,47,0.366,0.439,28.0,381,0.209,299,0.132,0.649,33.0,-17.2,-3.1
NQ:LIVE_COMP+MA100,500,500.0,94,0.478,47,0.366,0.439,28.0,381,0.209,299,0.132,0.649,33.0,-17.2,-3.1
NQ:S24[ALL],500,1000.0,94,0.534,41,0.341,0.366,42.0,381,0.409,192,0.041,0.168,134.0,31.1,13.0
NQ:S24[ALL],500,,94,0.534,41,0.341,0.366,42.0,381,0.409,192,0.041,0.168,134.0,31.1,13.0
NQ:S24[ALL],500,500.0,94,0.534,41,0.341,0.366,42.0,381,0.409,192,0.041,0.168,134.0,31.1,13.0
NQ:S26[ALL],500,,94,0.571,39,0.317,0.268,58.5,381,0.227,290,0.127,0.411,58.0,-30.6,4.1
NQ:S26[ALL],500,1000.0,94,0.571,39,0.317,0.268,58.5,381,0.227,290,0.127,0.411,58.0,-30.6,4.1
NQ:S26[ALL],500,500.0,94,0.571,39,0.317,0.268,58.5,381,0.227,290,0.127,0.411,58.0,-30.6,4.1
NQ:L23[ALL],500,1000.0,94,0.613,31,0.244,0.268,74.0,381,0.495,161,0.027,0.211,132.0,-25.4,4.6
NQ:L23[ALL],500,500.0,94,0.613,31,0.244,0.268,74.0,381,0.495,161,0.027,0.211,132.0,-25.4,4.6
NQ:L23[ALL],500,,94,0.613,31,0.244,0.268,74.0,381,0.495,161,0.027,0.211,132.0,-25.4,4.6
NQ:S26[ALL],375,1000.0,94,0.637,29,0.232,0.134,72.0,381,0.34,243,0.046,0.243,116.0,-21.9,8.6
NQ:S40[ALL],500,500.0,94,0.714,22,0.232,0.195,72.0,381,0.38,225,0.062,0.243,132.0,104.8,4.6
NQ:S40[ALL],500,1000.0,94,0.714,22,0.232,0.195,72.0,381,0.38,225,0.062,0.243,132.0,104.8,4.6
NQ:S26[ALL],375,500.0,94,0.637,29,0.232,0.134,72.0,381,0.34,243,0.046,0.243,116.0,-21.9,8.6
NQ:S26[ALL],375,,94,0.637,29,0.232,0.134,72.0,381,0.34,243,0.046,0.243,116.0,-21.9,8.6
NQ:S40[ALL],500,,94,0.714,22,0.232,0.195,72.0,381,0.38,225,0.062,0.243,132.0,104.8,4.6
NQ:LIVE_COMP,250,1000.0,94,0.663,28,0.22,0.268,67.0,381,0.163,292,0.008,0.384,161.0,-22.3,-9.2
NQ:LIVE_COMP,250,,94,0.663,28,0.22,0.268,67.0,381,0.163,292,0.008,0.384,161.0,-22.3,-9.2
NQ:LIVE_COMP,250,500.0,94,0.663,28,0.22,0.268,67.0,381,0.163,292,0.008,0.384,161.0,-22.3,-9.2
NQ:LIVE_COMP+MA100,250,1000.0,94,0.847,11,0.183,0.0,98.0,381,0.184,240,0.003,0.246,163.5,-7.4,-1.3
NQ:LIVE_COMP+MA100,250,500.0,94,0.847,11,0.183,0.0,98.0,381,0.184,240,0.003,0.246,163.5,-7.4,-1.3
NQ:LIVE_COMP+MA100,250,,94,0.847,11,0.183,0.0,98.0,381,0.184,240,0.003,0.246,163.5,-7.4,-1.3
NQ:S42[AC],375,,94,0.779,15,0.159,0.085,93.0,381,0.115,331,0.0,0.373,121.0,11.7,0.1
NQ:S42[AC],375,500.0,94,0.779,15,0.159,0.085,93.0,381,0.115,331,0.0,0.373,121.0,11.7,0.1
NQ:S42[AC],375,1000.0,94,0.779,15,0.159,0.085,93.0,381,0.115,331,0.0,0.373,121.0,11.7,0.1
NQ:S40[ALL],375,,94,0.93,5,0.146,0.061,91.5,381,0.446,170,0.041,0.146,147.0,78.6,3.5
NQ:S40[ALL],375,1000.0,94,0.93,5,0.146,0.061,91.5,381,0.446,170,0.041,0.146,147.0,78.6,3.5
NQ:S40[ALL],375,500.0,94,0.93,5,0.146,0.061,91.5,381,0.446,170,0.041,0.146,147.0,78.6,3.5
NQ:S24[ALL],375,500.0,94,0.757,17,0.11,0.183,103.0,381,0.382,131,0.0,0.065,182.0,20.7,6.4
NQ:S40[ALL],250,,94,1.0,0,0.11,0.0,126.0,381,0.315,102,0.011,0.057,115.0,52.4,2.3
NQ:S40[ALL],250,500.0,94,1.0,0,0.11,0.0,126.0,381,0.315,102,0.011,0.057,115.0,52.4,2.3
NQ:S40[ALL],250,1000.0,94,1.0,0,0.11,0.0,126.0,381,0.315,102,0.011,0.057,115.0,52.4,2.3
NQ:S24[ALL],375,1000.0,94,0.757,17,0.11,0.183,103.0,381,0.382,131,0.0,0.065,182.0,20.7,6.4
NQ:S24[ALL],375,,94,0.757,17,0.11,0.183,103.0,381,0.382,131,0.0,0.065,182.0,20.7,6.4
NQ:S26[ALL],250,500.0,94,1.0,0,0.061,0.0,166.5,381,0.246,150,0.0,0.005,211.0,-13.1,-0.1
NQ:S26[ALL],250,,94,1.0,0,0.061,0.0,166.5,381,0.246,150,0.0,0.005,211.0,-13.1,-0.1
NQ:S42[AC],250,500.0,94,1.0,0,0.061,0.0,132.0,381,0.082,257,0.0,0.062,214.0,7.9,0.1
NQ:S42[AC],250,1000.0,94,1.0,0,0.061,0.0,132.0,381,0.082,257,0.0,0.062,214.0,7.9,0.1
NQ:S42[AC],250,,94,1.0,0,0.061,0.0,132.0,381,0.082,257,0.0,0.062,214.0,7.9,0.1
NQ:S26[ALL],250,1000.0,94,1.0,0,0.061,0.0,166.5,381,0.246,150,0.0,0.005,211.0,-13.1,-0.1
NQ:L23[ALL],375,500.0,94,0.846,8,0.012,0.085,166.0,381,0.454,106,0.0,0.032,183.0,-15.2,1.8
NQ:L23[ALL],375,1000.0,94,0.846,8,0.012,0.085,166.0,381,0.454,106,0.0,0.032,183.0,-15.2,1.8
NQ:L23[ALL],375,,94,0.846,8,0.012,0.085,166.0,381,0.454,106,0.0,0.032,183.0,-15.2,1.8
NQ:L23[ALL],250,,94,1.0,0,0.0,0.0,206.5,381,0.205,31,0.0,0.003,244.0,-10.2,0.9
NQ:L23[ALL],250,1000.0,94,1.0,0,0.0,0.0,206.5,381,0.205,31,0.0,0.003,244.0,-10.2,0.9
NQ:S24[ALL],250,1000.0,94,1.0,0,0.0,0.0,166.0,381,0.365,40,0.0,0.005,236.0,15.5,8.2
NQ:S24[ALL],250,500.0,94,1.0,0,0.0,0.0,166.0,381,0.365,40,0.0,0.005,236.0,15.5,8.2
NQ:L23[ALL],250,500.0,94,1.0,0,0.0,0.0,206.5,381,0.205,31,0.0,0.003,244.0,-10.2,0.9
NQ:S24[ALL],250,,94,1.0,0,0.0,0.0,166.0,381,0.365,40,0.0,0.005,236.0,15.5,8.2
