combo,risk,breaker,pstop,smart,trades_per_day,usd_train,cohorts,passed,failed,open,pass_rate,med_days,fail_daily,fail_max,train_usd_per_day,held_usd_per_day,final_usd_per_day,search_cohorts,search_passed,search_failed,search_open,search_pass_rate,search_med_days,search_fail_daily,search_fail_max,final_cohorts,final_passed,final_failed,final_open,final_pass_rate,final_med_days,final_fail_daily,final_fail_max,NY_params,NY_train_Rday,NY_train_n,NY_held_Rday,NY_held_n,NY_final_Rday,NY_final_n,stress_usd_2016,stress_usd_2017,stress_usd_2018,stress_usd_2019,stress_usd_2020,stress_usd_2021,stress_usd_2022,stress_usd_2023,stress_cohorts,stress_passed,stress_failed,stress_open,stress_pass_rate,stress_med_days,stress_fail_daily,stress_fail_max,LDN_params,LDN_train_Rday,LDN_train_n,LDN_held_Rday,LDN_held_n,LDN_final_Rday,LDN_final_n
"{""ASIA"": null, ""LDN"": null, ""NY"": 5}",750,2000.0,,near,0.66,93578,76,70,0,6,1.0,71.0,0,0,266.6,-63.2,-81.5,94,84,3,7,0.966,87.0,0,3,9,0,0,9,0.0,,0,0,"{""offset"": 0, ""window"": 60, ""exit"": ""hard"", ""open_trade"": true, ""vwap"": true, ""legs"": false, ""leg_max"": 1, ""rev_mode"": ""off"", ""wait_open"": false, ""maxpos"": 3, ""stack_trig"": ""both"", ""stack_size"": 1.0, ""ma"": 100, ""big_thr"": 10.0, ""big_sl"": 25.0, ""big_tp"": 150.0, ""std_sl"": 25.0, ""std_tp"": 30.0, ""leg_gap"": 20.0, ""leg_sl"": 45.0, ""leg_tp"": 90.0, ""min_fv"": 150.0, ""min_bos"": 5.0, ""disp_pts"": 25.0, ""stack_gap"": 15.0}",0.355,230,-0.084,55,-0.109,34,-5574,-8906,-845,-5105,-19299,-11060,2117,-5060,381,10,356,15,0.027,289.5,0,356,,,,,,,
"{""ASIA"": null, ""LDN"": null, ""NY"": 10}",750,3000.0,,near,0.68,98038,76,65,0,11,1.0,63.0,0,0,279.3,-54.6,-70.4,94,86,0,8,1.0,72.0,0,0,9,0,0,9,0.0,,0,0,"{""offset"": 0, ""window"": 120, ""exit"": ""run"", ""open_trade"": true, ""vwap"": true, ""legs"": true, ""leg_max"": 1, ""rev_mode"": ""off"", ""wait_open"": true, ""maxpos"": 2, ""stack_trig"": ""bos"", ""stack_size"": 0.5, ""ma"": 50, ""big_thr"": 25.0, ""big_sl"": 25.0, ""big_tp"": 115.0, ""std_sl"": 30.0, ""std_tp"": 50.0, ""leg_gap"": 15.0, ""leg_sl"": 35.0, ""leg_tp"": 90.0, ""min_fv"": 40.0, ""min_bos"": 15.0, ""disp_pts"": 40.0, ""stack_gap"": 15.0}",0.372,238,-0.073,56,-0.094,19,-3596,-21024,6233,-1113,2741,1046,14063,-1863,381,156,202,23,0.436,277.5,0,202,,,,,,,
"{""ASIA"": null, ""LDN"": null, ""NY"": 10}",750,4000.0,,near,0.68,98038,76,65,0,11,1.0,63.0,0,0,279.3,-54.6,-70.4,94,86,0,8,1.0,72.0,0,0,9,0,0,9,0.0,,0,0,"{""offset"": 0, ""window"": 120, ""exit"": ""run"", ""open_trade"": true, ""vwap"": true, ""legs"": true, ""leg_max"": 1, ""rev_mode"": ""off"", ""wait_open"": true, ""maxpos"": 2, ""stack_trig"": ""bos"", ""stack_size"": 0.5, ""ma"": 50, ""big_thr"": 25.0, ""big_sl"": 25.0, ""big_tp"": 115.0, ""std_sl"": 30.0, ""std_tp"": 50.0, ""leg_gap"": 15.0, ""leg_sl"": 35.0, ""leg_tp"": 90.0, ""min_fv"": 40.0, ""min_bos"": 15.0, ""disp_pts"": 40.0, ""stack_gap"": 15.0}",0.372,238,-0.073,56,-0.094,19,-3596,-21024,6233,-1113,2741,1046,14063,-1863,381,156,202,23,0.436,277.5,0,202,,,,,,,
"{""ASIA"": null, ""LDN"": null, ""NY"": 4}",750,2000.0,,near,0.66,92715,76,61,0,15,1.0,67.0,0,0,264.1,-24.9,164.0,94,74,10,10,0.881,69.0,0,10,9,0,0,9,0.0,,0,0,"{""offset"": 0, ""window"": 90, ""exit"": ""run"", ""open_trade"": true, ""vwap"": true, ""legs"": false, ""leg_max"": 1, ""rev_mode"": ""off"", ""wait_open"": false, ""maxpos"": 2, ""stack_trig"": ""fvg"", ""stack_size"": 1.0, ""ma"": 100, ""big_thr"": 15.0, ""big_sl"": 25.0, ""big_tp"": 115.0, ""std_sl"": 25.0, ""std_tp"": 50.0, ""leg_gap"": 15.0, ""leg_sl"": 45.0, ""leg_tp"": 60.0, ""min_fv"": 125.0, ""min_bos"": 20.0, ""disp_pts"": 40.0, ""stack_gap"": 20.0}",0.352,230,-0.033,55,0.219,34,-2972,-19892,2327,-3253,-3954,-1555,11677,-4880,381,83,286,12,0.225,170.0,0,286,,,,,,,
"{""ASIA"": null, ""LDN"": null, ""NY"": 4}",750,3000.0,,near,0.66,92715,76,61,0,15,1.0,67.0,0,0,264.1,-24.9,164.0,94,74,10,10,0.881,69.0,0,10,9,0,0,9,0.0,,0,0,"{""offset"": 0, ""window"": 90, ""exit"": ""run"", ""open_trade"": true, ""vwap"": true, ""legs"": false, ""leg_max"": 1, ""rev_mode"": ""off"", ""wait_open"": false, ""maxpos"": 2, ""stack_trig"": ""fvg"", ""stack_size"": 1.0, ""ma"": 100, ""big_thr"": 15.0, ""big_sl"": 25.0, ""big_tp"": 115.0, ""std_sl"": 25.0, ""std_tp"": 50.0, ""leg_gap"": 15.0, ""leg_sl"": 45.0, ""leg_tp"": 60.0, ""min_fv"": 125.0, ""min_bos"": 20.0, ""disp_pts"": 40.0, ""stack_gap"": 20.0}",0.352,230,-0.033,55,0.219,34,-2972,-19892,2327,-3253,-3954,-1555,11677,-4880,381,83,286,12,0.225,170.0,0,286,,,,,,,
"{""ASIA"": null, ""LDN"": null, ""NY"": 1}",750,3000.0,,near,0.69,92209,76,60,0,16,1.0,59.5,0,0,262.7,-21.5,143.5,94,71,14,9,0.835,56.0,0,14,9,0,0,9,0.0,,0,0,"{""offset"": 0, ""window"": 120, ""exit"": ""hard"", ""open_trade"": true, ""vwap"": true, ""legs"": true, ""leg_max"": 2, ""rev_mode"": ""off"", ""wait_open"": false, ""maxpos"": 2, ""stack_trig"": ""both"", ""stack_size"": 0.5, ""ma"": 100, ""big_thr"": 25.0, ""big_sl"": 25.0, ""big_tp"": 115.0, ""std_sl"": 20.0, ""std_tp"": 35.0, ""leg_gap"": 20.0, ""leg_sl"": 45.0, ""leg_tp"": 140.0, ""min_fv"": 80.0, ""min_bos"": 15.0, ""disp_pts"": 30.0, ""stack_gap"": 15.0}",0.35,242,-0.029,59,0.191,35,-4065,-12797,-4673,-6324,-26426,-6125,6365,9208,381,57,267,57,0.176,243.0,0,267,,,,,,,
"{""ASIA"": null, ""LDN"": null, ""NY"": 6}",750,,,near,0.74,94232,76,59,0,17,1.0,57.0,0,0,268.5,-35.5,265.7,94,76,3,15,0.962,66.5,0,3,9,1,0,8,1.0,26.0,0,0,"{""offset"": 0, ""window"": 60, ""exit"": ""hard"", ""open_trade"": true, ""vwap"": true, ""legs"": true, ""leg_max"": 2, ""rev_mode"": ""off"", ""wait_open"": true, ""maxpos"": 2, ""stack_trig"": ""fvg"", ""stack_size"": 0.5, ""ma"": 100, ""big_thr"": 10.0, ""big_sl"": 30.0, ""big_tp"": 115.0, ""std_sl"": 35.0, ""std_tp"": 42.0, ""leg_gap"": 10.0, ""leg_sl"": 45.0, ""leg_tp"": 140.0, ""min_fv"": 100.0, ""min_bos"": 0.0, ""disp_pts"": 20.0, ""stack_gap"": 15.0}",0.358,260,-0.047,64,0.354,44,-3155,-5135,1569,-2123,4384,3180,7998,-8154,381,99,255,27,0.28,305.0,0,255,,,,,,,
"{""ASIA"": null, ""LDN"": null, ""NY"": 6}",750,2000.0,,near,0.74,94232,76,59,0,17,1.0,57.0,0,0,268.5,-35.5,265.7,94,76,3,15,0.962,66.5,0,3,9,1,0,8,1.0,26.0,0,0,"{""offset"": 0, ""window"": 60, ""exit"": ""hard"", ""open_trade"": true, ""vwap"": true, ""legs"": true, ""leg_max"": 2, ""rev_mode"": ""off"", ""wait_open"": true, ""maxpos"": 2, ""stack_trig"": ""fvg"", ""stack_size"": 0.5, ""ma"": 100, ""big_thr"": 10.0, ""big_sl"": 30.0, ""big_tp"": 115.0, ""std_sl"": 35.0, ""std_tp"": 42.0, ""leg_gap"": 10.0, ""leg_sl"": 45.0, ""leg_tp"": 140.0, ""min_fv"": 100.0, ""min_bos"": 0.0, ""disp_pts"": 20.0, ""stack_gap"": 15.0}",0.358,260,-0.047,64,0.354,44,-3155,-5135,1569,-2123,4384,3180,7998,-8154,381,99,255,27,0.28,305.0,0,255,,,,,,,
"{""ASIA"": null, ""LDN"": null, ""NY"": 6}",750,3000.0,,near,0.74,94232,76,59,0,17,1.0,57.0,0,0,268.5,-35.5,265.7,94,76,3,15,0.962,66.5,0,3,9,1,0,8,1.0,26.0,0,0,"{""offset"": 0, ""window"": 60, ""exit"": ""hard"", ""open_trade"": true, ""vwap"": true, ""legs"": true, ""leg_max"": 2, ""rev_mode"": ""off"", ""wait_open"": true, ""maxpos"": 2, ""stack_trig"": ""fvg"", ""stack_size"": 0.5, ""ma"": 100, ""big_thr"": 10.0, ""big_sl"": 30.0, ""big_tp"": 115.0, ""std_sl"": 35.0, ""std_tp"": 42.0, ""leg_gap"": 10.0, ""leg_sl"": 45.0, ""leg_tp"": 140.0, ""min_fv"": 100.0, ""min_bos"": 0.0, ""disp_pts"": 20.0, ""stack_gap"": 15.0}",0.358,260,-0.047,64,0.354,44,-3155,-5135,1569,-2123,4384,3180,7998,-8154,381,99,255,27,0.28,305.0,0,255,,,,,,,
"{""ASIA"": null, ""LDN"": null, ""NY"": 2}",1000,4000.0,,near,0.64,94037,76,57,0,19,1.0,56.0,0,0,267.9,34.5,-160.1,94,74,1,19,0.987,62.0,0,1,9,0,0,9,0.0,,0,0,"{""offset"": 0, ""window"": 60, ""exit"": ""hard"", ""open_trade"": true, ""vwap"": true, ""legs"": false, ""leg_max"": 4, ""rev_mode"": ""off"", ""wait_open"": true, ""maxpos"": 1, ""stack_trig"": ""both"", ""stack_size"": 1.0, ""ma"": 50, ""big_thr"": 15.0, ""big_sl"": 35.0, ""big_tp"": 115.0, ""std_sl"": 25.0, ""std_tp"": 35.0, ""leg_gap"": 20.0, ""leg_sl"": 25.0, ""leg_tp"": 60.0, ""min_fv"": 60.0, ""min_bos"": 20.0, ""disp_pts"": 15.0, ""stack_gap"": 10.0}",0.268,223,0.035,52,-0.16,18,-5521,-11811,5818,620,-10159,14195,8508,8844,381,174,185,22,0.485,211.0,0,185,,,,,,,
"{""ASIA"": null, ""LDN"": null, ""NY"": 2}",1000,3000.0,,near,0.64,94037,76,57,0,19,1.0,56.0,0,0,267.9,34.5,-160.1,94,74,1,19,0.987,62.0,0,1,9,0,0,9,0.0,,0,0,"{""offset"": 0, ""window"": 60, ""exit"": ""hard"", ""open_trade"": true, ""vwap"": true, ""legs"": false, ""leg_max"": 4, ""rev_mode"": ""off"", ""wait_open"": true, ""maxpos"": 1, ""stack_trig"": ""both"", ""stack_size"": 1.0, ""ma"": 50, ""big_thr"": 15.0, ""big_sl"": 35.0, ""big_tp"": 115.0, ""std_sl"": 25.0, ""std_tp"": 35.0, ""leg_gap"": 20.0, ""leg_sl"": 25.0, ""leg_tp"": 60.0, ""min_fv"": 60.0, ""min_bos"": 20.0, ""disp_pts"": 15.0, ""stack_gap"": 10.0}",0.268,223,0.035,52,-0.16,18,-5521,-11811,5818,620,-10159,14195,8508,8844,381,174,185,22,0.485,211.0,0,185,,,,,,,
"{""ASIA"": null, ""LDN"": null, ""NY"": 2}",1000,,,near,0.64,94037,76,57,0,19,1.0,56.0,0,0,267.9,34.5,-160.1,94,74,1,19,0.987,62.0,0,1,9,0,0,9,0.0,,0,0,"{""offset"": 0, ""window"": 60, ""exit"": ""hard"", ""open_trade"": true, ""vwap"": true, ""legs"": false, ""leg_max"": 4, ""rev_mode"": ""off"", ""wait_open"": true, ""maxpos"": 1, ""stack_trig"": ""both"", ""stack_size"": 1.0, ""ma"": 50, ""big_thr"": 15.0, ""big_sl"": 35.0, ""big_tp"": 115.0, ""std_sl"": 25.0, ""std_tp"": 35.0, ""leg_gap"": 20.0, ""leg_sl"": 25.0, ""leg_tp"": 60.0, ""min_fv"": 60.0, ""min_bos"": 20.0, ""disp_pts"": 15.0, ""stack_gap"": 10.0}",0.268,223,0.035,52,-0.16,18,-5521,-11811,5818,620,-10159,14195,8508,8844,381,174,185,22,0.485,211.0,0,185,,,,,,,
"{""ASIA"": null, ""LDN"": null, ""NY"": 11}",1000,3000.0,,near,0.66,98501,76,55,0,21,1.0,49.0,0,0,280.6,26.3,-187.5,94,77,0,17,1.0,48.0,0,0,9,0,0,9,0.0,,0,0,"{""offset"": 0, ""window"": 150, ""exit"": ""hard"", ""open_trade"": true, ""vwap"": true, ""legs"": true, ""leg_max"": 1, ""rev_mode"": ""off"", ""wait_open"": false, ""maxpos"": 3, ""stack_trig"": ""fvg"", ""stack_size"": 0.5, ""ma"": 50, ""big_thr"": 10.0, ""big_sl"": 35.0, ""big_tp"": 115.0, ""std_sl"": 25.0, ""std_tp"": 42.0, ""leg_gap"": 20.0, ""leg_sl"": 45.0, ""leg_tp"": 60.0, ""min_fv"": 80.0, ""min_bos"": 5.0, ""disp_pts"": 20.0, ""stack_gap"": 10.0}",0.281,233,0.026,55,-0.187,19,-448,-20931,14138,16204,12817,16630,4842,-12147,381,163,207,11,0.441,181.0,0,207,,,,,,,
"{""ASIA"": null, ""LDN"": null, ""NY"": 5}",500,,,,0.66,62385,76,51,0,25,1.0,108.0,0,0,177.7,-42.2,-54.4,94,61,0,33,1.0,131.0,0,0,9,0,0,9,0.0,,0,0,"{""offset"": 0, ""window"": 60, ""exit"": ""hard"", ""open_trade"": true, ""vwap"": true, ""legs"": false, ""leg_max"": 1, ""rev_mode"": ""off"", ""wait_open"": false, ""maxpos"": 3, ""stack_trig"": ""both"", ""stack_size"": 1.0, ""ma"": 100, ""big_thr"": 10.0, ""big_sl"": 25.0, ""big_tp"": 150.0, ""std_sl"": 25.0, ""std_tp"": 30.0, ""leg_gap"": 20.0, ""leg_sl"": 45.0, ""leg_tp"": 90.0, ""min_fv"": 150.0, ""min_bos"": 5.0, ""disp_pts"": 25.0, ""stack_gap"": 15.0}",0.355,230,-0.084,55,-0.109,34,-3716,-5937,-563,-3403,-12866,-7373,1411,-3373,381,0,288,93,0.0,,0,288,,,,,,,
"{""ASIA"": null, ""LDN"": null, ""NY"": 5}",500,4000.0,,,0.66,62385,76,51,0,25,1.0,108.0,0,0,177.7,-42.2,-54.4,94,61,0,33,1.0,131.0,0,0,9,0,0,9,0.0,,0,0,"{""offset"": 0, ""window"": 60, ""exit"": ""hard"", ""open_trade"": true, ""vwap"": true, ""legs"": false, ""leg_max"": 1, ""rev_mode"": ""off"", ""wait_open"": false, ""maxpos"": 3, ""stack_trig"": ""both"", ""stack_size"": 1.0, ""ma"": 100, ""big_thr"": 10.0, ""big_sl"": 25.0, ""big_tp"": 150.0, ""std_sl"": 25.0, ""std_tp"": 30.0, ""leg_gap"": 20.0, ""leg_sl"": 45.0, ""leg_tp"": 90.0, ""min_fv"": 150.0, ""min_bos"": 5.0, ""disp_pts"": 25.0, ""stack_gap"": 15.0}",0.355,230,-0.084,55,-0.109,34,-3716,-5937,-563,-3403,-12866,-7373,1411,-3373,381,0,288,93,0.0,,0,288,,,,,,,
"{""ASIA"": null, ""LDN"": null, ""NY"": 7}",500,4000.0,,,0.75,65207,76,49,0,27,1.0,91.0,0,0,185.8,-35.5,81.4,94,59,0,35,1.0,110.0,0,0,9,0,0,9,0.0,,0,0,"{""offset"": 0, ""window"": 120, ""exit"": ""hard"", ""open_trade"": true, ""vwap"": true, ""legs"": true, ""leg_max"": 1, ""rev_mode"": ""off"", ""wait_open"": false, ""maxpos"": 2, ""stack_trig"": ""both"", ""stack_size"": 0.5, ""ma"": 200, ""big_thr"": 10.0, ""big_sl"": 25.0, ""big_tp"": 115.0, ""std_sl"": 35.0, ""std_tp"": 30.0, ""leg_gap"": 20.0, ""leg_sl"": 35.0, ""leg_tp"": 90.0, ""min_fv"": 40.0, ""min_bos"": 20.0, ""disp_pts"": 20.0, ""stack_gap"": 10.0}",0.372,265,-0.071,64,0.163,36,-2611,-4303,1974,-3210,-10766,932,5962,-7814,381,2,361,18,0.006,207.5,0,361,,,,,,,
"{""ASIA"": null, ""LDN"": null, ""NY"": 0}",750,3000.0,,,0.81,93477,76,49,0,27,1.0,71.0,0,0,266.3,-150.9,-199.8,94,56,23,15,0.709,78.0,0,23,9,0,1,8,0.0,,0,1,"{""offset"": 0, ""window"": 90, ""exit"": ""hard"", ""open_trade"": true, ""vwap"": true, ""legs"": true, ""leg_max"": 4, ""rev_mode"": ""mixed"", ""wait_open"": true, ""maxpos"": 1, ""stack_trig"": ""fvg"", ""stack_size"": 0.5, ""ma"": 50, ""big_thr"": 10.0, ""big_sl"": 25.0, ""big_tp"": 100.0, ""std_sl"": 25.0, ""std_tp"": 50.0, ""leg_gap"": 25.0, ""leg_sl"": 25.0, ""leg_tp"": 115.0, ""min_fv"": 200.0, ""min_bos"": 20.0, ""disp_pts"": 40.0, ""stack_gap"": 15.0}",0.358,287,-0.227,77,-0.266,29,-431,-7757,15307,4207,-3259,6527,10060,-9811,381,125,245,11,0.338,236.0,0,245,,,,,,,
"{""ASIA"": null, ""LDN"": null, ""NY"": 1}",500,4000.0,,,0.69,61474,76,49,0,27,1.0,95.0,0,0,175.1,-14.3,95.7,94,59,0,35,1.0,114.0,0,0,9,0,0,9,0.0,,0,0,"{""offset"": 0, ""window"": 120, ""exit"": ""hard"", ""open_trade"": true, ""vwap"": true, ""legs"": true, ""leg_max"": 2, ""rev_mode"": ""off"", ""wait_open"": false, ""maxpos"": 2, ""stack_trig"": ""both"", ""stack_size"": 0.5, ""ma"": 100, ""big_thr"": 25.0, ""big_sl"": 25.0, ""big_tp"": 115.0, ""std_sl"": 20.0, ""std_tp"": 35.0, ""leg_gap"": 20.0, ""leg_sl"": 45.0, ""leg_tp"": 140.0, ""min_fv"": 80.0, ""min_bos"": 15.0, ""disp_pts"": 30.0, ""stack_gap"": 15.0}",0.35,242,-0.029,59,0.191,35,-2710,-8532,-3115,-4216,-17617,-4084,4244,6138,381,6,259,116,0.023,438.5,0,259,,,,,,,
"{""ASIA"": null, ""LDN"": null, ""NY"": 2}",750,2000.0,,near,0.64,70503,76,49,0,27,1.0,79.0,0,0,200.9,25.9,-120.0,94,61,0,33,1.0,80.0,0,0,9,0,0,9,0.0,,0,0,"{""offset"": 0, ""window"": 60, ""exit"": ""hard"", ""open_trade"": true, ""vwap"": true, ""legs"": false, ""leg_max"": 4, ""rev_mode"": ""off"", ""wait_open"": true, ""maxpos"": 1, ""stack_trig"": ""both"", ""stack_size"": 1.0, ""ma"": 50, ""big_thr"": 15.0, ""big_sl"": 35.0, ""big_tp"": 115.0, ""std_sl"": 25.0, ""std_tp"": 35.0, ""leg_gap"": 20.0, ""leg_sl"": 25.0, ""leg_tp"": 60.0, ""min_fv"": 60.0, ""min_bos"": 20.0, ""disp_pts"": 15.0, ""stack_gap"": 10.0}",0.268,223,0.035,52,-0.16,18,-4140,-8858,4364,465,-7618,10642,6378,6631,381,136,219,26,0.383,321.5,0,219,,,,,,,
"{""ASIA"": null, ""LDN"": null, ""NY"": 8}",750,3000.0,,,0.66,81039,76,49,0,27,1.0,75.0,0,0,230.9,-89.0,69.3,94,58,15,21,0.795,79.0,0,15,9,0,0,9,0.0,,0,0,"{""offset"": 0, ""window"": 150, ""exit"": ""run"", ""open_trade"": true, ""vwap"": true, ""legs"": false, ""leg_max"": 1, ""rev_mode"": ""off"", ""wait_open"": false, ""maxpos"": 2, ""stack_trig"": ""fvg"", ""stack_size"": 1.0, ""ma"": 100, ""big_thr"": 20.0, ""big_sl"": 25.0, ""big_tp"": 100.0, ""std_sl"": 35.0, ""std_tp"": 60.0, ""leg_gap"": 25.0, ""leg_sl"": 25.0, ""leg_tp"": 90.0, ""min_fv"": 150.0, ""min_bos"": 10.0, ""disp_pts"": 30.0, ""stack_gap"": 20.0}",0.308,230,-0.119,55,0.092,34,-1006,-14893,2479,-3707,5308,6051,8943,-5553,381,107,232,42,0.316,340.0,0,232,,,,,,,
"{""ASIA"": null, ""LDN"": 0, ""NY"": 5}",250,,,near,1.07,42504,76,49,0,27,1.0,137.0,0,0,121.1,-52.9,-49.1,94,62,0,32,1.0,151.5,0,0,9,0,0,9,0.0,,0,0,"{""offset"": 0, ""window"": 60, ""exit"": ""hard"", ""open_trade"": true, ""vwap"": true, ""legs"": false, ""leg_max"": 1, ""rev_mode"": ""off"", ""wait_open"": false, ""maxpos"": 3, ""stack_trig"": ""both"", ""stack_size"": 1.0, ""ma"": 100, ""big_thr"": 10.0, ""big_sl"": 25.0, ""big_tp"": 150.0, ""std_sl"": 25.0, ""std_tp"": 30.0, ""leg_gap"": 20.0, ""leg_sl"": 45.0, ""leg_tp"": 90.0, ""min_fv"": 150.0, ""min_bos"": 5.0, ""disp_pts"": 25.0, ""stack_gap"": 15.0}",0.355,230,-0.084,55,-0.109,34,-1858,-2969,352,-1702,-2198,-9266,1218,326,381,0,244,137,0.0,,0,244,"{""offset"": 0, ""window"": 90, ""exit"": ""run"", ""open_trade"": false, ""vwap"": true, ""legs"": false, ""leg_max"": 2, ""rev_mode"": ""disp_fv"", ""wait_open"": true, ""maxpos"": 3, ""stack_trig"": ""bos"", ""stack_size"": 1.0, ""ma"": 200, ""big_thr"": 4.0, ""big_sl"": 12.0, ""big_tp"": 40.0, ""std_sl"": 14.0, ""std_tp"": 20.0, ""leg_gap"": 6.0, ""leg_sl"": 14.0, ""leg_tp"": 24.0, ""min_fv"": 60.0, ""min_bos"": 4.0, ""disp_pts"": 6.0, ""stack_gap"": 8.0}",0.129,147.0,-0.128,52.0,-0.088,55.0
"{""ASIA"": null, ""LDN"": 0, ""NY"": 5}",250,3000.0,,near,1.07,42504,76,49,0,27,1.0,137.0,0,0,121.1,-52.9,-49.1,94,62,0,32,1.0,151.5,0,0,9,0,0,9,0.0,,0,0,"{""offset"": 0, ""window"": 60, ""exit"": ""hard"", ""open_trade"": true, ""vwap"": true, ""legs"": false, ""leg_max"": 1, ""rev_mode"": ""off"", ""wait_open"": false, ""maxpos"": 3, ""stack_trig"": ""both"", ""stack_size"": 1.0, ""ma"": 100, ""big_thr"": 10.0, ""big_sl"": 25.0, ""big_tp"": 150.0, ""std_sl"": 25.0, ""std_tp"": 30.0, ""leg_gap"": 20.0, ""leg_sl"": 45.0, ""leg_tp"": 90.0, ""min_fv"": 150.0, ""min_bos"": 5.0, ""disp_pts"": 25.0, ""stack_gap"": 15.0}",0.355,230,-0.084,55,-0.109,34,-1858,-2969,352,-1702,-2198,-9266,1218,326,381,0,244,137,0.0,,0,244,"{""offset"": 0, ""window"": 90, ""exit"": ""run"", ""open_trade"": false, ""vwap"": true, ""legs"": false, ""leg_max"": 2, ""rev_mode"": ""disp_fv"", ""wait_open"": true, ""maxpos"": 3, ""stack_trig"": ""bos"", ""stack_size"": 1.0, ""ma"": 200, ""big_thr"": 4.0, ""big_sl"": 12.0, ""big_tp"": 40.0, ""std_sl"": 14.0, ""std_tp"": 20.0, ""leg_gap"": 6.0, ""leg_sl"": 14.0, ""leg_tp"": 24.0, ""min_fv"": 60.0, ""min_bos"": 4.0, ""disp_pts"": 6.0, ""stack_gap"": 8.0}",0.129,147.0,-0.128,52.0,-0.088,55.0
"{""ASIA"": null, ""LDN"": 0, ""NY"": 5}",250,4000.0,,near,1.07,42504,76,49,0,27,1.0,137.0,0,0,121.1,-52.9,-49.1,94,62,0,32,1.0,151.5,0,0,9,0,0,9,0.0,,0,0,"{""offset"": 0, ""window"": 60, ""exit"": ""hard"", ""open_trade"": true, ""vwap"": true, ""legs"": false, ""leg_max"": 1, ""rev_mode"": ""off"", ""wait_open"": false, ""maxpos"": 3, ""stack_trig"": ""both"", ""stack_size"": 1.0, ""ma"": 100, ""big_thr"": 10.0, ""big_sl"": 25.0, ""big_tp"": 150.0, ""std_sl"": 25.0, ""std_tp"": 30.0, ""leg_gap"": 20.0, ""leg_sl"": 45.0, ""leg_tp"": 90.0, ""min_fv"": 150.0, ""min_bos"": 5.0, ""disp_pts"": 25.0, ""stack_gap"": 15.0}",0.355,230,-0.084,55,-0.109,34,-1858,-2969,352,-1702,-2198,-9266,1218,326,381,0,244,137,0.0,,0,244,"{""offset"": 0, ""window"": 90, ""exit"": ""run"", ""open_trade"": false, ""vwap"": true, ""legs"": false, ""leg_max"": 2, ""rev_mode"": ""disp_fv"", ""wait_open"": true, ""maxpos"": 3, ""stack_trig"": ""bos"", ""stack_size"": 1.0, ""ma"": 200, ""big_thr"": 4.0, ""big_sl"": 12.0, ""big_tp"": 40.0, ""std_sl"": 14.0, ""std_tp"": 20.0, ""leg_gap"": 6.0, ""leg_sl"": 14.0, ""leg_tp"": 24.0, ""min_fv"": 60.0, ""min_bos"": 4.0, ""disp_pts"": 6.0, ""stack_gap"": 8.0}",0.129,147.0,-0.128,52.0,-0.088,55.0
"{""ASIA"": null, ""LDN"": 2, ""NY"": 1}",250,3000.0,,,0.96,36413,76,49,0,27,1.0,141.0,0,0,103.7,-67.0,-36.5,94,50,0,44,1.0,197.5,0,0,9,0,0,9,0.0,,0,0,"{""offset"": 0, ""window"": 120, ""exit"": ""hard"", ""open_trade"": true, ""vwap"": true, ""legs"": true, ""leg_max"": 2, ""rev_mode"": ""off"", ""wait_open"": false, ""maxpos"": 2, ""stack_trig"": ""both"", ""stack_size"": 0.5, ""ma"": 100, ""big_thr"": 25.0, ""big_sl"": 25.0, ""big_tp"": 115.0, ""std_sl"": 20.0, ""std_tp"": 35.0, ""leg_gap"": 20.0, ""leg_sl"": 45.0, ""leg_tp"": 140.0, ""min_fv"": 80.0, ""min_bos"": 15.0, ""disp_pts"": 30.0, ""stack_gap"": 15.0}",0.35,242,-0.029,59,0.191,35,-1355,-4266,-1558,-431,-15600,-3140,-3113,1760,381,0,245,136,0.0,,0,245,"{""offset"": 0, ""window"": 60, ""exit"": ""run"", ""open_trade"": false, ""vwap"": false, ""legs"": true, ""leg_max"": 2, ""rev_mode"": ""disp_fv"", ""wait_open"": true, ""maxpos"": 3, ""stack_trig"": ""bos"", ""stack_size"": 1.0, ""ma"": 200, ""big_thr"": 6.0, ""big_sl"": 16.0, ""big_tp"": 46.0, ""std_sl"": 8.0, ""std_tp"": 24.0, ""leg_gap"": 4.0, ""leg_sl"": 10.0, ""leg_tp"": 46.0, ""min_fv"": 60.0, ""min_bos"": 2.0, ""disp_pts"": 6.0, ""stack_gap"": 8.0}",0.065,95.0,-0.239,21.0,-0.338,34.0
"{""ASIA"": null, ""LDN"": 2, ""NY"": 4}",250,,,near,0.93,36584,76,49,0,27,1.0,136.0,0,0,104.2,-68.1,-29.7,94,54,0,40,1.0,187.5,0,0,9,0,0,9,0.0,,0,0,"{""offset"": 0, ""window"": 90, ""exit"": ""run"", ""open_trade"": true, ""vwap"": true, ""legs"": false, ""leg_max"": 1, ""rev_mode"": ""off"", ""wait_open"": false, ""maxpos"": 2, ""stack_trig"": ""fvg"", ""stack_size"": 1.0, ""ma"": 100, ""big_thr"": 15.0, ""big_sl"": 25.0, ""big_tp"": 115.0, ""std_sl"": 25.0, ""std_tp"": 50.0, ""leg_gap"": 15.0, ""leg_sl"": 45.0, ""leg_tp"": 60.0, ""min_fv"": 125.0, ""min_bos"": 20.0, ""disp_pts"": 40.0, ""stack_gap"": 20.0}",0.352,230,-0.033,55,0.219,34,-991,-6631,776,593,-8110,-1617,-1342,-2936,381,0,245,136,0.0,,0,245,"{""offset"": 0, ""window"": 60, ""exit"": ""run"", ""open_trade"": false, ""vwap"": false, ""legs"": true, ""leg_max"": 2, ""rev_mode"": ""disp_fv"", ""wait_open"": true, ""maxpos"": 3, ""stack_trig"": ""bos"", ""stack_size"": 1.0, ""ma"": 200, ""big_thr"": 6.0, ""big_sl"": 16.0, ""big_tp"": 46.0, ""std_sl"": 8.0, ""std_tp"": 24.0, ""leg_gap"": 4.0, ""leg_sl"": 10.0, ""leg_tp"": 46.0, ""min_fv"": 60.0, ""min_bos"": 2.0, ""disp_pts"": 6.0, ""stack_gap"": 8.0}",0.065,95.0,-0.239,21.0,-0.338,34.0
"{""ASIA"": null, ""LDN"": 2, ""NY"": 5}",250,2000.0,,,0.92,37468,76,49,0,27,1.0,141.0,0,0,106.7,-80.9,-111.6,94,58,0,36,1.0,231.5,0,0,9,0,0,9,0.0,,0,0,"{""offset"": 0, ""window"": 60, ""exit"": ""hard"", ""open_trade"": true, ""vwap"": true, ""legs"": false, ""leg_max"": 1, ""rev_mode"": ""off"", ""wait_open"": false, ""maxpos"": 3, ""stack_trig"": ""both"", ""stack_size"": 1.0, ""ma"": 100, ""big_thr"": 10.0, ""big_sl"": 25.0, ""big_tp"": 150.0, ""std_sl"": 25.0, ""std_tp"": 30.0, ""leg_gap"": 20.0, ""leg_sl"": 45.0, ""leg_tp"": 90.0, ""min_fv"": 150.0, ""min_bos"": 5.0, ""disp_pts"": 25.0, ""stack_gap"": 15.0}",0.355,230,-0.084,55,-0.109,34,-1858,-2969,-282,-24,-13225,-4785,-4529,-2996,381,0,274,107,0.0,,0,274,"{""offset"": 0, ""window"": 60, ""exit"": ""run"", ""open_trade"": false, ""vwap"": false, ""legs"": true, ""leg_max"": 2, ""rev_mode"": ""disp_fv"", ""wait_open"": true, ""maxpos"": 3, ""stack_trig"": ""bos"", ""stack_size"": 1.0, ""ma"": 200, ""big_thr"": 6.0, ""big_sl"": 16.0, ""big_tp"": 46.0, ""std_sl"": 8.0, ""std_tp"": 24.0, ""leg_gap"": 4.0, ""leg_sl"": 10.0, ""leg_tp"": 46.0, ""min_fv"": 60.0, ""min_bos"": 2.0, ""disp_pts"": 6.0, ""stack_gap"": 8.0}",0.065,95.0,-0.239,21.0,-0.338,34.0
"{""ASIA"": null, ""LDN"": 2, ""NY"": 5}",250,,,,0.93,36871,76,49,0,27,1.0,141.0,0,0,105.0,-80.9,-111.6,94,57,0,37,1.0,248.0,0,0,9,0,0,9,0.0,,0,0,"{""offset"": 0, ""window"": 60, ""exit"": ""hard"", ""open_trade"": true, ""vwap"": true, ""legs"": false, ""leg_max"": 1, ""rev_mode"": ""off"", ""wait_open"": false, ""maxpos"": 3, ""stack_trig"": ""both"", ""stack_size"": 1.0, ""ma"": 100, ""big_thr"": 10.0, ""big_sl"": 25.0, ""big_tp"": 150.0, ""std_sl"": 25.0, ""std_tp"": 30.0, ""leg_gap"": 20.0, ""leg_sl"": 45.0, ""leg_tp"": 90.0, ""min_fv"": 150.0, ""min_bos"": 5.0, ""disp_pts"": 25.0, ""stack_gap"": 15.0}",0.355,230,-0.084,55,-0.109,34,-1858,-2969,-282,-24,-13225,-4785,-4529,-2996,381,0,274,107,0.0,,0,274,"{""offset"": 0, ""window"": 60, ""exit"": ""run"", ""open_trade"": false, ""vwap"": false, ""legs"": true, ""leg_max"": 2, ""rev_mode"": ""disp_fv"", ""wait_open"": true, ""maxpos"": 3, ""stack_trig"": ""bos"", ""stack_size"": 1.0, ""ma"": 200, ""big_thr"": 6.0, ""big_sl"": 16.0, ""big_tp"": 46.0, ""std_sl"": 8.0, ""std_tp"": 24.0, ""leg_gap"": 4.0, ""leg_sl"": 10.0, ""leg_tp"": 46.0, ""min_fv"": 60.0, ""min_bos"": 2.0, ""disp_pts"": 6.0, ""stack_gap"": 8.0}",0.065,95.0,-0.239,21.0,-0.338,34.0
"{""ASIA"": null, ""LDN"": 2, ""NY"": 6}",250,,,,1.01,37076,76,49,0,27,1.0,141.0,0,0,105.6,-71.7,4.1,94,57,0,37,1.0,185.0,0,0,9,0,0,9,0.0,,0,0,"{""offset"": 0, ""window"": 60, ""exit"": ""hard"", ""open_trade"": true, ""vwap"": true, ""legs"": true, ""leg_max"": 2, ""rev_mode"": ""off"", ""wait_open"": true, ""maxpos"": 2, ""stack_trig"": ""fvg"", ""stack_size"": 0.5, ""ma"": 100, ""big_thr"": 10.0, ""big_sl"": 30.0, ""big_tp"": 115.0, ""std_sl"": 35.0, ""std_tp"": 42.0, ""leg_gap"": 10.0, ""leg_sl"": 45.0, ""leg_tp"": 140.0, ""min_fv"": 100.0, ""min_bos"": 0.0, ""disp_pts"": 20.0, ""stack_gap"": 15.0}",0.358,260,-0.047,64,0.354,44,-1052,-1712,523,970,-5332,-39,-2569,-4026,381,0,216,165,0.0,,0,216,"{""offset"": 0, ""window"": 60, ""exit"": ""run"", ""open_trade"": false, ""vwap"": false, ""legs"": true, ""leg_max"": 2, ""rev_mode"": ""disp_fv"", ""wait_open"": true, ""maxpos"": 3, ""stack_trig"": ""bos"", ""stack_size"": 1.0, ""ma"": 200, ""big_thr"": 6.0, ""big_sl"": 16.0, ""big_tp"": 46.0, ""std_sl"": 8.0, ""std_tp"": 24.0, ""leg_gap"": 4.0, ""leg_sl"": 10.0, ""leg_tp"": 46.0, ""min_fv"": 60.0, ""min_bos"": 2.0, ""disp_pts"": 6.0, ""stack_gap"": 8.0}",0.065,95.0,-0.239,21.0,-0.338,34.0
"{""ASIA"": null, ""LDN"": 2, ""NY"": 7}",250,,,,1.03,38282,76,49,0,27,1.0,139.0,0,0,109.1,-77.6,-43.7,94,54,0,40,1.0,192.5,0,0,9,0,0,9,0.0,,0,0,"{""offset"": 0, ""window"": 120, ""exit"": ""hard"", ""open_trade"": true, ""vwap"": true, ""legs"": true, ""leg_max"": 1, ""rev_mode"": ""off"", ""wait_open"": false, ""maxpos"": 2, ""stack_trig"": ""both"", ""stack_size"": 0.5, ""ma"": 200, ""big_thr"": 10.0, ""big_sl"": 25.0, ""big_tp"": 115.0, ""std_sl"": 35.0, ""std_tp"": 30.0, ""leg_gap"": 20.0, ""leg_sl"": 35.0, ""leg_tp"": 90.0, ""min_fv"": 40.0, ""min_bos"": 20.0, ""disp_pts"": 20.0, ""stack_gap"": 10.0}",0.372,265,-0.071,64,0.163,36,-1306,-2152,987,72,-12175,-632,-2254,-5216,381,0,276,105,0.0,,0,276,"{""offset"": 0, ""window"": 60, ""exit"": ""run"", ""open_trade"": false, ""vwap"": false, ""legs"": true, ""leg_max"": 2, ""rev_mode"": ""disp_fv"", ""wait_open"": true, ""maxpos"": 3, ""stack_trig"": ""bos"", ""stack_size"": 1.0, ""ma"": 200, ""big_thr"": 6.0, ""big_sl"": 16.0, ""big_tp"": 46.0, ""std_sl"": 8.0, ""std_tp"": 24.0, ""leg_gap"": 4.0, ""leg_sl"": 10.0, ""leg_tp"": 46.0, ""min_fv"": 60.0, ""min_bos"": 2.0, ""disp_pts"": 6.0, ""stack_gap"": 8.0}",0.065,95.0,-0.239,21.0,-0.338,34.0
"{""ASIA"": null, ""LDN"": 2, ""NY"": 7}",250,3000.0,,,1.03,38282,76,49,0,27,1.0,139.0,0,0,109.1,-77.6,-43.7,94,54,0,40,1.0,192.5,0,0,9,0,0,9,0.0,,0,0,"{""offset"": 0, ""window"": 120, ""exit"": ""hard"", ""open_trade"": true, ""vwap"": true, ""legs"": true, ""leg_max"": 1, ""rev_mode"": ""off"", ""wait_open"": false, ""maxpos"": 2, ""stack_trig"": ""both"", ""stack_size"": 0.5, ""ma"": 200, ""big_thr"": 10.0, ""big_sl"": 25.0, ""big_tp"": 115.0, ""std_sl"": 35.0, ""std_tp"": 30.0, ""leg_gap"": 20.0, ""leg_sl"": 35.0, ""leg_tp"": 90.0, ""min_fv"": 40.0, ""min_bos"": 20.0, ""disp_pts"": 20.0, ""stack_gap"": 10.0}",0.372,265,-0.071,64,0.163,36,-1306,-2152,987,72,-12175,-632,-2254,-5216,381,0,276,105,0.0,,0,276,"{""offset"": 0, ""window"": 60, ""exit"": ""run"", ""open_trade"": false, ""vwap"": false, ""legs"": true, ""leg_max"": 2, ""rev_mode"": ""disp_fv"", ""wait_open"": true, ""maxpos"": 3, ""stack_trig"": ""bos"", ""stack_size"": 1.0, ""ma"": 200, ""big_thr"": 6.0, ""big_sl"": 16.0, ""big_tp"": 46.0, ""std_sl"": 8.0, ""std_tp"": 24.0, ""leg_gap"": 4.0, ""leg_sl"": 10.0, ""leg_tp"": 46.0, ""min_fv"": 60.0, ""min_bos"": 2.0, ""disp_pts"": 6.0, ""stack_gap"": 8.0}",0.065,95.0,-0.239,21.0,-0.338,34.0
"{""ASIA"": null, ""LDN"": 2, ""NY"": 7}",250,2000.0,,,1.02,38879,76,49,0,27,1.0,139.0,0,0,110.8,-77.6,-43.7,94,54,0,40,1.0,192.5,0,0,9,0,0,9,0.0,,0,0,"{""offset"": 0, ""window"": 120, ""exit"": ""hard"", ""open_trade"": true, ""vwap"": true, ""legs"": true, ""leg_max"": 1, ""rev_mode"": ""off"", ""wait_open"": false, ""maxpos"": 2, ""stack_trig"": ""both"", ""stack_size"": 0.5, ""ma"": 200, ""big_thr"": 10.0, ""big_sl"": 25.0, ""big_tp"": 115.0, ""std_sl"": 35.0, ""std_tp"": 30.0, ""leg_gap"": 20.0, ""leg_sl"": 35.0, ""leg_tp"": 90.0, ""min_fv"": 40.0, ""min_bos"": 20.0, ""disp_pts"": 20.0, ""stack_gap"": 10.0}",0.372,265,-0.071,64,0.163,36,-1306,-2152,987,72,-12175,-632,-2254,-5216,381,0,276,105,0.0,,0,276,"{""offset"": 0, ""window"": 60, ""exit"": ""run"", ""open_trade"": false, ""vwap"": false, ""legs"": true, ""leg_max"": 2, ""rev_mode"": ""disp_fv"", ""wait_open"": true, ""maxpos"": 3, ""stack_trig"": ""bos"", ""stack_size"": 1.0, ""ma"": 200, ""big_thr"": 6.0, ""big_sl"": 16.0, ""big_tp"": 46.0, ""std_sl"": 8.0, ""std_tp"": 24.0, ""leg_gap"": 4.0, ""leg_sl"": 10.0, ""leg_tp"": 46.0, ""min_fv"": 60.0, ""min_bos"": 2.0, ""disp_pts"": 6.0, ""stack_gap"": 8.0}",0.065,95.0,-0.239,21.0,-0.338,34.0
"{""ASIA"": null, ""LDN"": 2, ""NY"": 8}",250,2000.0,,,0.92,33288,76,49,0,27,1.0,141.0,0,0,94.8,-89.5,-61.3,94,20,0,74,1.0,253.5,0,0,9,0,0,9,0.0,,0,0,"{""offset"": 0, ""window"": 150, ""exit"": ""run"", ""open_trade"": true, ""vwap"": true, ""legs"": false, ""leg_max"": 1, ""rev_mode"": ""off"", ""wait_open"": false, ""maxpos"": 2, ""stack_trig"": ""fvg"", ""stack_size"": 1.0, ""ma"": 100, ""big_thr"": 20.0, ""big_sl"": 25.0, ""big_tp"": 100.0, ""std_sl"": 35.0, ""std_tp"": 60.0, ""leg_gap"": 25.0, ""leg_sl"": 25.0, ""leg_tp"": 90.0, ""min_fv"": 150.0, ""min_bos"": 10.0, ""disp_pts"": 30.0, ""stack_gap"": 20.0}",0.308,230,-0.119,55,0.092,34,-335,-4964,826,442,-5023,919,-2253,-3160,381,0,71,310,0.0,,0,71,"{""offset"": 0, ""window"": 60, ""exit"": ""run"", ""open_trade"": false, ""vwap"": false, ""legs"": true, ""leg_max"": 2, ""rev_mode"": ""disp_fv"", ""wait_open"": true, ""maxpos"": 3, ""stack_trig"": ""bos"", ""stack_size"": 1.0, ""ma"": 200, ""big_thr"": 6.0, ""big_sl"": 16.0, ""big_tp"": 46.0, ""std_sl"": 8.0, ""std_tp"": 24.0, ""leg_gap"": 4.0, ""leg_sl"": 10.0, ""leg_tp"": 46.0, ""min_fv"": 60.0, ""min_bos"": 2.0, ""disp_pts"": 6.0, ""stack_gap"": 8.0}",0.065,95.0,-0.239,21.0,-0.338,34.0
"{""ASIA"": null, ""LDN"": 2, ""NY"": 8}",250,,,,0.93,32692,76,49,0,27,1.0,141.0,0,0,93.1,-89.5,-61.3,94,19,0,75,1.0,261.0,0,0,9,0,0,9,0.0,,0,0,"{""offset"": 0, ""window"": 150, ""exit"": ""run"", ""open_trade"": true, ""vwap"": true, ""legs"": false, ""leg_max"": 1, ""rev_mode"": ""off"", ""wait_open"": false, ""maxpos"": 2, ""stack_trig"": ""fvg"", ""stack_size"": 1.0, ""ma"": 100, ""big_thr"": 20.0, ""big_sl"": 25.0, ""big_tp"": 100.0, ""std_sl"": 35.0, ""std_tp"": 60.0, ""leg_gap"": 25.0, ""leg_sl"": 25.0, ""leg_tp"": 90.0, ""min_fv"": 150.0, ""min_bos"": 10.0, ""disp_pts"": 30.0, ""stack_gap"": 20.0}",0.308,230,-0.119,55,0.092,34,-335,-4964,826,442,-5023,919,-2253,-3160,381,0,71,310,0.0,,0,71,"{""offset"": 0, ""window"": 60, ""exit"": ""run"", ""open_trade"": false, ""vwap"": false, ""legs"": true, ""leg_max"": 2, ""rev_mode"": ""disp_fv"", ""wait_open"": true, ""maxpos"": 3, ""stack_trig"": ""bos"", ""stack_size"": 1.0, ""ma"": 200, ""big_thr"": 6.0, ""big_sl"": 16.0, ""big_tp"": 46.0, ""std_sl"": 8.0, ""std_tp"": 24.0, ""leg_gap"": 4.0, ""leg_sl"": 10.0, ""leg_tp"": 46.0, ""min_fv"": 60.0, ""min_bos"": 2.0, ""disp_pts"": 6.0, ""stack_gap"": 8.0}",0.065,95.0,-0.239,21.0,-0.338,34.0
"{""ASIA"": null, ""LDN"": 2, ""NY"": 0}",250,4000.0,,,1.09,37059,76,49,0,27,1.0,134.0,0,0,105.6,-116.6,-151.0,94,49,7,38,0.875,195.0,0,7,9,0,0,9,0.0,,0,0,"{""offset"": 0, ""window"": 90, ""exit"": ""hard"", ""open_trade"": true, ""vwap"": true, ""legs"": true, ""leg_max"": 4, ""rev_mode"": ""mixed"", ""wait_open"": true, ""maxpos"": 1, ""stack_trig"": ""fvg"", ""stack_size"": 0.5, ""ma"": 50, ""big_thr"": 10.0, ""big_sl"": 25.0, ""big_tp"": 100.0, ""std_sl"": 25.0, ""std_tp"": 50.0, ""leg_gap"": 25.0, ""leg_sl"": 25.0, ""leg_tp"": 115.0, ""min_fv"": 200.0, ""min_bos"": 20.0, ""disp_pts"": 40.0, ""stack_gap"": 15.0}",0.358,287,-0.227,77,-0.266,29,-144,-2586,5102,3080,-7879,1077,-1881,-4580,381,0,175,206,0.0,,0,175,"{""offset"": 0, ""window"": 60, ""exit"": ""run"", ""open_trade"": false, ""vwap"": false, ""legs"": true, ""leg_max"": 2, ""rev_mode"": ""disp_fv"", ""wait_open"": true, ""maxpos"": 3, ""stack_trig"": ""bos"", ""stack_size"": 1.0, ""ma"": 200, ""big_thr"": 6.0, ""big_sl"": 16.0, ""big_tp"": 46.0, ""std_sl"": 8.0, ""std_tp"": 24.0, ""leg_gap"": 4.0, ""leg_sl"": 10.0, ""leg_tp"": 46.0, ""min_fv"": 60.0, ""min_bos"": 2.0, ""disp_pts"": 6.0, ""stack_gap"": 8.0}",0.065,95.0,-0.239,21.0,-0.338,34.0
"{""ASIA"": null, ""LDN"": 2, ""NY"": 0}",250,2000.0,,,1.08,37656,76,49,0,27,1.0,134.0,0,0,107.3,-116.6,-151.0,94,54,7,33,0.885,192.5,0,7,9,0,0,9,0.0,,0,0,"{""offset"": 0, ""window"": 90, ""exit"": ""hard"", ""open_trade"": true, ""vwap"": true, ""legs"": true, ""leg_max"": 4, ""rev_mode"": ""mixed"", ""wait_open"": true, ""maxpos"": 1, ""stack_trig"": ""fvg"", ""stack_size"": 0.5, ""ma"": 50, ""big_thr"": 10.0, ""big_sl"": 25.0, ""big_tp"": 100.0, ""std_sl"": 25.0, ""std_tp"": 50.0, ""leg_gap"": 25.0, ""leg_sl"": 25.0, ""leg_tp"": 115.0, ""min_fv"": 200.0, ""min_bos"": 20.0, ""disp_pts"": 40.0, ""stack_gap"": 15.0}",0.358,287,-0.227,77,-0.266,29,-144,-2586,5102,3080,-7879,1077,-1881,-4580,381,0,175,206,0.0,,0,175,"{""offset"": 0, ""window"": 60, ""exit"": ""run"", ""open_trade"": false, ""vwap"": false, ""legs"": true, ""leg_max"": 2, ""rev_mode"": ""disp_fv"", ""wait_open"": true, ""maxpos"": 3, ""stack_trig"": ""bos"", ""stack_size"": 1.0, ""ma"": 200, ""big_thr"": 6.0, ""big_sl"": 16.0, ""big_tp"": 46.0, ""std_sl"": 8.0, ""std_tp"": 24.0, ""leg_gap"": 4.0, ""leg_sl"": 10.0, ""leg_tp"": 46.0, ""min_fv"": 60.0, ""min_bos"": 2.0, ""disp_pts"": 6.0, ""stack_gap"": 8.0}",0.065,95.0,-0.239,21.0,-0.338,34.0
"{""ASIA"": null, ""LDN"": 2, ""NY"": 0}",250,3000.0,,,1.09,37059,76,49,0,27,1.0,134.0,0,0,105.6,-116.6,-151.0,94,49,7,38,0.875,195.0,0,7,9,0,0,9,0.0,,0,0,"{""offset"": 0, ""window"": 90, ""exit"": ""hard"", ""open_trade"": true, ""vwap"": true, ""legs"": true, ""leg_max"": 4, ""rev_mode"": ""mixed"", ""wait_open"": true, ""maxpos"": 1, ""stack_trig"": ""fvg"", ""stack_size"": 0.5, ""ma"": 50, ""big_thr"": 10.0, ""big_sl"": 25.0, ""big_tp"": 100.0, ""std_sl"": 25.0, ""std_tp"": 50.0, ""leg_gap"": 25.0, ""leg_sl"": 25.0, ""leg_tp"": 115.0, ""min_fv"": 200.0, ""min_bos"": 20.0, ""disp_pts"": 40.0, ""stack_gap"": 15.0}",0.358,287,-0.227,77,-0.266,29,-144,-2586,5102,3080,-7879,1077,-1881,-4580,381,0,175,206,0.0,,0,175,"{""offset"": 0, ""window"": 60, ""exit"": ""run"", ""open_trade"": false, ""vwap"": false, ""legs"": true, ""leg_max"": 2, ""rev_mode"": ""disp_fv"", ""wait_open"": true, ""maxpos"": 3, ""stack_trig"": ""bos"", ""stack_size"": 1.0, ""ma"": 200, ""big_thr"": 6.0, ""big_sl"": 16.0, ""big_tp"": 46.0, ""std_sl"": 8.0, ""std_tp"": 24.0, ""leg_gap"": 4.0, ""leg_sl"": 10.0, ""leg_tp"": 46.0, ""min_fv"": 60.0, ""min_bos"": 2.0, ""disp_pts"": 6.0, ""stack_gap"": 8.0}",0.065,95.0,-0.239,21.0,-0.338,34.0
"{""ASIA"": null, ""LDN"": 2, ""NY"": 9}",250,3000.0,,,1.09,33339,76,49,0,27,1.0,139.0,0,0,95.0,-124.1,-122.4,94,53,9,32,0.855,195.0,0,9,9,0,0,9,0.0,,0,0,"{""offset"": 0, ""window"": 60, ""exit"": ""hard"", ""open_trade"": true, ""vwap"": true, ""legs"": false, ""leg_max"": 1, ""rev_mode"": ""mixed"", ""wait_open"": false, ""maxpos"": 3, ""stack_trig"": ""both"", ""stack_size"": 1.0, ""ma"": 100, ""big_thr"": 15.0, ""big_sl"": 30.0, ""big_tp"": 100.0, ""std_sl"": 30.0, ""std_tp"": 60.0, ""leg_gap"": 15.0, ""leg_sl"": 45.0, ""leg_tp"": 140.0, ""min_fv"": 200.0, ""min_bos"": 15.0, ""disp_pts"": 15.0, ""stack_gap"": 20.0}",0.315,287,-0.257,71,-0.152,60,-1328,-2428,1970,-125,-4816,-1262,-3319,-3064,381,0,231,150,0.0,,0,231,"{""offset"": 0, ""window"": 60, ""exit"": ""run"", ""open_trade"": false, ""vwap"": false, ""legs"": true, ""leg_max"": 2, ""rev_mode"": ""disp_fv"", ""wait_open"": true, ""maxpos"": 3, ""stack_trig"": ""bos"", ""stack_size"": 1.0, ""ma"": 200, ""big_thr"": 6.0, ""big_sl"": 16.0, ""big_tp"": 46.0, ""std_sl"": 8.0, ""std_tp"": 24.0, ""leg_gap"": 4.0, ""leg_sl"": 10.0, ""leg_tp"": 46.0, ""min_fv"": 60.0, ""min_bos"": 2.0, ""disp_pts"": 6.0, ""stack_gap"": 8.0}",0.065,95.0,-0.239,21.0,-0.338,34.0
"{""ASIA"": null, ""LDN"": 2, ""NY"": 9}",250,4000.0,,,1.09,33339,76,49,0,27,1.0,139.0,0,0,95.0,-124.1,-122.4,94,53,9,32,0.855,195.0,0,9,9,0,0,9,0.0,,0,0,"{""offset"": 0, ""window"": 60, ""exit"": ""hard"", ""open_trade"": true, ""vwap"": true, ""legs"": false, ""leg_max"": 1, ""rev_mode"": ""mixed"", ""wait_open"": false, ""maxpos"": 3, ""stack_trig"": ""both"", ""stack_size"": 1.0, ""ma"": 100, ""big_thr"": 15.0, ""big_sl"": 30.0, ""big_tp"": 100.0, ""std_sl"": 30.0, ""std_tp"": 60.0, ""leg_gap"": 15.0, ""leg_sl"": 45.0, ""leg_tp"": 140.0, ""min_fv"": 200.0, ""min_bos"": 15.0, ""disp_pts"": 15.0, ""stack_gap"": 20.0}",0.315,287,-0.257,71,-0.152,60,-1328,-2428,1970,-125,-4816,-1262,-3319,-3064,381,0,231,150,0.0,,0,231,"{""offset"": 0, ""window"": 60, ""exit"": ""run"", ""open_trade"": false, ""vwap"": false, ""legs"": true, ""leg_max"": 2, ""rev_mode"": ""disp_fv"", ""wait_open"": true, ""maxpos"": 3, ""stack_trig"": ""bos"", ""stack_size"": 1.0, ""ma"": 200, ""big_thr"": 6.0, ""big_sl"": 16.0, ""big_tp"": 46.0, ""std_sl"": 8.0, ""std_tp"": 24.0, ""leg_gap"": 4.0, ""leg_sl"": 10.0, ""leg_tp"": 46.0, ""min_fv"": 60.0, ""min_bos"": 2.0, ""disp_pts"": 6.0, ""stack_gap"": 8.0}",0.065,95.0,-0.239,21.0,-0.338,34.0
"{""ASIA"": null, ""LDN"": 2, ""NY"": 9}",250,,,,1.09,33339,76,49,0,27,1.0,139.0,0,0,95.0,-124.1,-122.4,94,53,9,32,0.855,195.0,0,9,9,0,0,9,0.0,,0,0,"{""offset"": 0, ""window"": 60, ""exit"": ""hard"", ""open_trade"": true, ""vwap"": true, ""legs"": false, ""leg_max"": 1, ""rev_mode"": ""mixed"", ""wait_open"": false, ""maxpos"": 3, ""stack_trig"": ""both"", ""stack_size"": 1.0, ""ma"": 100, ""big_thr"": 15.0, ""big_sl"": 30.0, ""big_tp"": 100.0, ""std_sl"": 30.0, ""std_tp"": 60.0, ""leg_gap"": 15.0, ""leg_sl"": 45.0, ""leg_tp"": 140.0, ""min_fv"": 200.0, ""min_bos"": 15.0, ""disp_pts"": 15.0, ""stack_gap"": 20.0}",0.315,287,-0.257,71,-0.152,60,-1328,-2428,1970,-125,-4816,-1262,-3319,-3064,381,0,231,150,0.0,,0,231,"{""offset"": 0, ""window"": 60, ""exit"": ""run"", ""open_trade"": false, ""vwap"": false, ""legs"": true, ""leg_max"": 2, ""rev_mode"": ""disp_fv"", ""wait_open"": true, ""maxpos"": 3, ""stack_trig"": ""bos"", ""stack_size"": 1.0, ""ma"": 200, ""big_thr"": 6.0, ""big_sl"": 16.0, ""big_tp"": 46.0, ""std_sl"": 8.0, ""std_tp"": 24.0, ""leg_gap"": 4.0, ""leg_sl"": 10.0, ""leg_tp"": 46.0, ""min_fv"": 60.0, ""min_bos"": 2.0, ""disp_pts"": 6.0, ""stack_gap"": 8.0}",0.065,95.0,-0.239,21.0,-0.338,34.0
"{""ASIA"": null, ""LDN"": 2, ""NY"": 9}",250,2000.0,,,1.08,33932,76,49,0,27,1.0,139.0,0,0,96.7,-124.1,-122.4,94,53,7,34,0.883,190.0,0,7,9,0,0,9,0.0,,0,0,"{""offset"": 0, ""window"": 60, ""exit"": ""hard"", ""open_trade"": true, ""vwap"": true, ""legs"": false, ""leg_max"": 1, ""rev_mode"": ""mixed"", ""wait_open"": false, ""maxpos"": 3, ""stack_trig"": ""both"", ""stack_size"": 1.0, ""ma"": 100, ""big_thr"": 15.0, ""big_sl"": 30.0, ""big_tp"": 100.0, ""std_sl"": 30.0, ""std_tp"": 60.0, ""leg_gap"": 15.0, ""leg_sl"": 45.0, ""leg_tp"": 140.0, ""min_fv"": 200.0, ""min_bos"": 15.0, ""disp_pts"": 15.0, ""stack_gap"": 20.0}",0.315,287,-0.257,71,-0.152,60,-1328,-2428,1970,-125,-4816,-1262,-3319,-3064,381,0,231,150,0.0,,0,231,"{""offset"": 0, ""window"": 60, ""exit"": ""run"", ""open_trade"": false, ""vwap"": false, ""legs"": true, ""leg_max"": 2, ""rev_mode"": ""disp_fv"", ""wait_open"": true, ""maxpos"": 3, ""stack_trig"": ""bos"", ""stack_size"": 1.0, ""ma"": 200, ""big_thr"": 6.0, ""big_sl"": 16.0, ""big_tp"": 46.0, ""std_sl"": 8.0, ""std_tp"": 24.0, ""leg_gap"": 4.0, ""leg_sl"": 10.0, ""leg_tp"": 46.0, ""min_fv"": 60.0, ""min_bos"": 2.0, ""disp_pts"": 6.0, ""stack_gap"": 8.0}",0.065,95.0,-0.239,21.0,-0.338,34.0
"{""ASIA"": null, ""LDN"": 2, ""NY"": 10}",250,3000.0,,,0.95,38358,76,49,0,27,1.0,141.0,0,0,109.3,-78.0,-107.9,94,53,0,41,1.0,200.0,0,0,9,0,0,9,0.0,,0,0,"{""offset"": 0, ""window"": 120, ""exit"": ""run"", ""open_trade"": true, ""vwap"": true, ""legs"": true, ""leg_max"": 1, ""rev_mode"": ""off"", ""wait_open"": true, ""maxpos"": 2, ""stack_trig"": ""bos"", ""stack_size"": 0.5, ""ma"": 50, ""big_thr"": 25.0, ""big_sl"": 25.0, ""big_tp"": 115.0, ""std_sl"": 30.0, ""std_tp"": 50.0, ""leg_gap"": 15.0, ""leg_sl"": 35.0, ""leg_tp"": 90.0, ""min_fv"": 40.0, ""min_bos"": 15.0, ""disp_pts"": 40.0, ""stack_gap"": 15.0}",0.372,238,-0.073,56,-0.094,19,-1198,-7005,2077,1306,-5879,-748,-547,-1930,381,0,132,249,0.0,,0,132,"{""offset"": 0, ""window"": 60, ""exit"": ""run"", ""open_trade"": false, ""vwap"": false, ""legs"": true, ""leg_max"": 2, ""rev_mode"": ""disp_fv"", ""wait_open"": true, ""maxpos"": 3, ""stack_trig"": ""bos"", ""stack_size"": 1.0, ""ma"": 200, ""big_thr"": 6.0, ""big_sl"": 16.0, ""big_tp"": 46.0, ""std_sl"": 8.0, ""std_tp"": 24.0, ""leg_gap"": 4.0, ""leg_sl"": 10.0, ""leg_tp"": 46.0, ""min_fv"": 60.0, ""min_bos"": 2.0, ""disp_pts"": 6.0, ""stack_gap"": 8.0}",0.065,95.0,-0.239,21.0,-0.338,34.0
"{""ASIA"": null, ""LDN"": 2, ""NY"": 10}",250,4000.0,,,0.95,38358,76,49,0,27,1.0,141.0,0,0,109.3,-78.0,-107.9,94,53,0,41,1.0,200.0,0,0,9,0,0,9,0.0,,0,0,"{""offset"": 0, ""window"": 120, ""exit"": ""run"", ""open_trade"": true, ""vwap"": true, ""legs"": true, ""leg_max"": 1, ""rev_mode"": ""off"", ""wait_open"": true, ""maxpos"": 2, ""stack_trig"": ""bos"", ""stack_size"": 0.5, ""ma"": 50, ""big_thr"": 25.0, ""big_sl"": 25.0, ""big_tp"": 115.0, ""std_sl"": 30.0, ""std_tp"": 50.0, ""leg_gap"": 15.0, ""leg_sl"": 35.0, ""leg_tp"": 90.0, ""min_fv"": 40.0, ""min_bos"": 15.0, ""disp_pts"": 40.0, ""stack_gap"": 15.0}",0.372,238,-0.073,56,-0.094,19,-1198,-7005,2077,1306,-5879,-748,-547,-1930,381,0,132,249,0.0,,0,132,"{""offset"": 0, ""window"": 60, ""exit"": ""run"", ""open_trade"": false, ""vwap"": false, ""legs"": true, ""leg_max"": 2, ""rev_mode"": ""disp_fv"", ""wait_open"": true, ""maxpos"": 3, ""stack_trig"": ""bos"", ""stack_size"": 1.0, ""ma"": 200, ""big_thr"": 6.0, ""big_sl"": 16.0, ""big_tp"": 46.0, ""std_sl"": 8.0, ""std_tp"": 24.0, ""leg_gap"": 4.0, ""leg_sl"": 10.0, ""leg_tp"": 46.0, ""min_fv"": 60.0, ""min_bos"": 2.0, ""disp_pts"": 6.0, ""stack_gap"": 8.0}",0.065,95.0,-0.239,21.0,-0.338,34.0
"{""ASIA"": null, ""LDN"": 2, ""NY"": 10}",250,2000.0,,,0.94,38955,76,49,0,27,1.0,141.0,0,0,111.0,-78.0,-107.9,94,54,0,40,1.0,200.0,0,0,9,0,0,9,0.0,,0,0,"{""offset"": 0, ""window"": 120, ""exit"": ""run"", ""open_trade"": true, ""vwap"": true, ""legs"": true, ""leg_max"": 1, ""rev_mode"": ""off"", ""wait_open"": true, ""maxpos"": 2, ""stack_trig"": ""bos"", ""stack_size"": 0.5, ""ma"": 50, ""big_thr"": 25.0, ""big_sl"": 25.0, ""big_tp"": 115.0, ""std_sl"": 30.0, ""std_tp"": 50.0, ""leg_gap"": 15.0, ""leg_sl"": 35.0, ""leg_tp"": 90.0, ""min_fv"": 40.0, ""min_bos"": 15.0, ""disp_pts"": 40.0, ""stack_gap"": 15.0}",0.372,238,-0.073,56,-0.094,19,-1198,-7005,2077,1306,-5879,-748,-547,-1930,381,0,132,249,0.0,,0,132,"{""offset"": 0, ""window"": 60, ""exit"": ""run"", ""open_trade"": false, ""vwap"": false, ""legs"": true, ""leg_max"": 2, ""rev_mode"": ""disp_fv"", ""wait_open"": true, ""maxpos"": 3, ""stack_trig"": ""bos"", ""stack_size"": 1.0, ""ma"": 200, ""big_thr"": 6.0, ""big_sl"": 16.0, ""big_tp"": 46.0, ""std_sl"": 8.0, ""std_tp"": 24.0, ""leg_gap"": 4.0, ""leg_sl"": 10.0, ""leg_tp"": 46.0, ""min_fv"": 60.0, ""min_bos"": 2.0, ""disp_pts"": 6.0, ""stack_gap"": 8.0}",0.065,95.0,-0.239,21.0,-0.338,34.0
"{""ASIA"": null, ""LDN"": null, ""NY"": 4}",500,4000.0,,near,0.66,61810,76,48,0,28,1.0,104.5,0,0,176.1,-16.6,109.4,94,59,0,35,1.0,113.0,0,0,9,0,0,9,0.0,,0,0,"{""offset"": 0, ""window"": 90, ""exit"": ""run"", ""open_trade"": true, ""vwap"": true, ""legs"": false, ""leg_max"": 1, ""rev_mode"": ""off"", ""wait_open"": false, ""maxpos"": 2, ""stack_trig"": ""fvg"", ""stack_size"": 1.0, ""ma"": 100, ""big_thr"": 15.0, ""big_sl"": 25.0, ""big_tp"": 115.0, ""std_sl"": 25.0, ""std_tp"": 50.0, ""leg_gap"": 15.0, ""leg_sl"": 45.0, ""leg_tp"": 60.0, ""min_fv"": 125.0, ""min_bos"": 20.0, ""disp_pts"": 40.0, ""stack_gap"": 20.0}",0.352,230,-0.033,55,0.219,34,-1982,-13261,1551,-2169,-2636,-1037,7785,-3253,381,65,286,30,0.185,336.0,0,286,,,,,,,
"{""ASIA"": null, ""LDN"": null, ""NY"": 6}",500,2000.0,,near,0.74,62801,76,48,0,28,1.0,90.0,0,0,178.9,-23.7,177.1,94,59,0,35,1.0,103.0,0,0,9,0,0,9,0.0,,0,0,"{""offset"": 0, ""window"": 60, ""exit"": ""hard"", ""open_trade"": true, ""vwap"": true, ""legs"": true, ""leg_max"": 2, ""rev_mode"": ""off"", ""wait_open"": true, ""maxpos"": 2, ""stack_trig"": ""fvg"", ""stack_size"": 0.5, ""ma"": 100, ""big_thr"": 10.0, ""big_sl"": 30.0, ""big_tp"": 115.0, ""std_sl"": 35.0, ""std_tp"": 42.0, ""leg_gap"": 10.0, ""leg_sl"": 45.0, ""leg_tp"": 140.0, ""min_fv"": 100.0, ""min_bos"": 0.0, ""disp_pts"": 20.0, ""stack_gap"": 15.0}",0.358,260,-0.047,64,0.354,44,-2104,-3423,1045,-1414,2923,2120,5330,-5435,381,84,186,111,0.311,759.5,0,186,,,,,,,
"{""ASIA"": null, ""LDN"": null, ""NY"": 6}",500,,,near,0.74,62801,76,48,0,28,1.0,90.0,0,0,178.9,-23.7,177.1,94,59,0,35,1.0,103.0,0,0,9,0,0,9,0.0,,0,0,"{""offset"": 0, ""window"": 60, ""exit"": ""hard"", ""open_trade"": true, ""vwap"": true, ""legs"": true, ""leg_max"": 2, ""rev_mode"": ""off"", ""wait_open"": true, ""maxpos"": 2, ""stack_trig"": ""fvg"", ""stack_size"": 0.5, ""ma"": 100, ""big_thr"": 10.0, ""big_sl"": 30.0, ""big_tp"": 115.0, ""std_sl"": 35.0, ""std_tp"": 42.0, ""leg_gap"": 10.0, ""leg_sl"": 45.0, ""leg_tp"": 140.0, ""min_fv"": 100.0, ""min_bos"": 0.0, ""disp_pts"": 20.0, ""stack_gap"": 15.0}",0.358,260,-0.047,64,0.354,44,-2104,-3423,1045,-1414,2923,2120,5330,-5435,381,84,186,111,0.311,759.5,0,186,,,,,,,
"{""ASIA"": null, ""LDN"": null, ""NY"": 8}",500,4000.0,,near,0.66,54026,76,47,0,29,1.0,104.0,0,0,153.9,-59.3,46.2,94,56,0,38,1.0,120.5,0,0,9,0,0,9,0.0,,0,0,"{""offset"": 0, ""window"": 150, ""exit"": ""run"", ""open_trade"": true, ""vwap"": true, ""legs"": false, ""leg_max"": 1, ""rev_mode"": ""off"", ""wait_open"": false, ""maxpos"": 2, ""stack_trig"": ""fvg"", ""stack_size"": 1.0, ""ma"": 100, ""big_thr"": 20.0, ""big_sl"": 25.0, ""big_tp"": 100.0, ""std_sl"": 35.0, ""std_tp"": 60.0, ""leg_gap"": 25.0, ""leg_sl"": 25.0, ""leg_tp"": 90.0, ""min_fv"": 150.0, ""min_bos"": 10.0, ""disp_pts"": 30.0, ""stack_gap"": 20.0}",0.308,230,-0.119,55,0.092,34,-671,-9929,1653,-2471,3539,4034,5962,-3702,381,137,118,126,0.537,682.0,0,118,,,,,,,
"{""ASIA"": null, ""LDN"": null, ""NY"": 11}",750,4000.0,,,0.66,73850,76,47,0,29,1.0,73.0,0,0,210.4,19.7,-140.6,94,61,0,33,1.0,83.0,0,0,9,0,0,9,0.0,,0,0,"{""offset"": 0, ""window"": 150, ""exit"": ""hard"", ""open_trade"": true, ""vwap"": true, ""legs"": true, ""leg_max"": 1, ""rev_mode"": ""off"", ""wait_open"": false, ""maxpos"": 3, ""stack_trig"": ""fvg"", ""stack_size"": 0.5, ""ma"": 50, ""big_thr"": 10.0, ""big_sl"": 35.0, ""big_tp"": 115.0, ""std_sl"": 25.0, ""std_tp"": 42.0, ""leg_gap"": 20.0, ""leg_sl"": 45.0, ""leg_tp"": 60.0, ""min_fv"": 80.0, ""min_bos"": 5.0, ""disp_pts"": 20.0, ""stack_gap"": 10.0}",0.281,233,0.026,55,-0.187,19,-336,-15698,10600,12150,9610,12469,3630,-9108,381,207,155,19,0.572,305.0,0,155,,,,,,,
"{""ASIA"": null, ""LDN"": 0, ""NY"": 7}",250,4000.0,,near,1.17,43915,76,47,0,29,1.0,120.0,0,0,125.1,-49.6,18.8,94,59,0,35,1.0,145.0,0,0,9,0,0,9,0.0,,0,0,"{""offset"": 0, ""window"": 120, ""exit"": ""hard"", ""open_trade"": true, ""vwap"": true, ""legs"": true, ""leg_max"": 1, ""rev_mode"": ""off"", ""wait_open"": false, ""maxpos"": 2, ""stack_trig"": ""both"", ""stack_size"": 0.5, ""ma"": 200, ""big_thr"": 10.0, ""big_sl"": 25.0, ""big_tp"": 115.0, ""std_sl"": 35.0, ""std_tp"": 30.0, ""leg_gap"": 20.0, ""leg_sl"": 35.0, ""leg_tp"": 90.0, ""min_fv"": 40.0, ""min_bos"": 20.0, ""disp_pts"": 20.0, ""stack_gap"": 10.0}",0.372,265,-0.071,64,0.163,36,-1306,-2152,1620,-1605,-1148,-5114,3493,-1894,381,0,170,211,0.0,,0,170,"{""offset"": 0, ""window"": 90, ""exit"": ""run"", ""open_trade"": false, ""vwap"": true, ""legs"": false, ""leg_max"": 2, ""rev_mode"": ""disp_fv"", ""wait_open"": true, ""maxpos"": 3, ""stack_trig"": ""bos"", ""stack_size"": 1.0, ""ma"": 200, ""big_thr"": 4.0, ""big_sl"": 12.0, ""big_tp"": 40.0, ""std_sl"": 14.0, ""std_tp"": 20.0, ""leg_gap"": 6.0, ""leg_sl"": 14.0, ""leg_tp"": 24.0, ""min_fv"": 60.0, ""min_bos"": 4.0, ""disp_pts"": 6.0, ""stack_gap"": 8.0}",0.129,147.0,-0.128,52.0,-0.088,55.0
"{""ASIA"": null, ""LDN"": 2, ""NY"": 2}",250,2000.0,,,0.9,29771,76,47,0,29,1.0,145.0,0,0,84.8,-51.2,-124.4,94,55,0,39,1.0,195.0,0,0,9,0,0,9,0.0,,0,0,"{""offset"": 0, ""window"": 60, ""exit"": ""hard"", ""open_trade"": true, ""vwap"": true, ""legs"": false, ""leg_max"": 4, ""rev_mode"": ""off"", ""wait_open"": true, ""maxpos"": 1, ""stack_trig"": ""both"", ""stack_size"": 1.0, ""ma"": 50, ""big_thr"": 15.0, ""big_sl"": 35.0, ""big_tp"": 115.0, ""std_sl"": 25.0, ""std_tp"": 35.0, ""leg_gap"": 20.0, ""leg_sl"": 25.0, ""leg_tp"": 60.0, ""min_fv"": 60.0, ""min_bos"": 20.0, ""disp_pts"": 15.0, ""stack_gap"": 10.0}",0.268,223,0.035,52,-0.16,18,-1380,-2953,1455,1833,-9331,2449,-3108,901,381,0,96,285,0.0,,0,96,"{""offset"": 0, ""window"": 60, ""exit"": ""run"", ""open_trade"": false, ""vwap"": false, ""legs"": true, ""leg_max"": 2, ""rev_mode"": ""disp_fv"", ""wait_open"": true, ""maxpos"": 3, ""stack_trig"": ""bos"", ""stack_size"": 1.0, ""ma"": 200, ""big_thr"": 6.0, ""big_sl"": 16.0, ""big_tp"": 46.0, ""std_sl"": 8.0, ""std_tp"": 24.0, ""leg_gap"": 4.0, ""leg_sl"": 10.0, ""leg_tp"": 46.0, ""min_fv"": 60.0, ""min_bos"": 2.0, ""disp_pts"": 6.0, ""stack_gap"": 8.0}",0.065,95.0,-0.239,21.0,-0.338,34.0
"{""ASIA"": null, ""LDN"": 2, ""NY"": 2}",250,,,near,0.91,29180,76,47,0,29,1.0,145.0,0,0,83.1,-51.2,-124.4,94,54,0,40,1.0,187.5,0,0,9,0,0,9,0.0,,0,0,"{""offset"": 0, ""window"": 60, ""exit"": ""hard"", ""open_trade"": true, ""vwap"": true, ""legs"": false, ""leg_max"": 4, ""rev_mode"": ""off"", ""wait_open"": true, ""maxpos"": 1, ""stack_trig"": ""both"", ""stack_size"": 1.0, ""ma"": 50, ""big_thr"": 15.0, ""big_sl"": 35.0, ""big_tp"": 115.0, ""std_sl"": 25.0, ""std_tp"": 35.0, ""leg_gap"": 20.0, ""leg_sl"": 25.0, ""leg_tp"": 60.0, ""min_fv"": 60.0, ""min_bos"": 20.0, ""disp_pts"": 15.0, ""stack_gap"": 10.0}",0.268,223,0.035,52,-0.16,18,-1380,-2953,1455,1833,-9331,2449,-3108,901,381,0,96,285,0.0,,0,96,"{""offset"": 0, ""window"": 60, ""exit"": ""run"", ""open_trade"": false, ""vwap"": false, ""legs"": true, ""leg_max"": 2, ""rev_mode"": ""disp_fv"", ""wait_open"": true, ""maxpos"": 3, ""stack_trig"": ""bos"", ""stack_size"": 1.0, ""ma"": 200, ""big_thr"": 6.0, ""big_sl"": 16.0, ""big_tp"": 46.0, ""std_sl"": 8.0, ""std_tp"": 24.0, ""leg_gap"": 4.0, ""leg_sl"": 10.0, ""leg_tp"": 46.0, ""min_fv"": 60.0, ""min_bos"": 2.0, ""disp_pts"": 6.0, ""stack_gap"": 8.0}",0.065,95.0,-0.239,21.0,-0.338,34.0
"{""ASIA"": null, ""LDN"": null, ""NY"": 2}",500,3000.0,,,0.64,47002,76,46,0,30,1.0,132.0,0,0,133.9,17.3,-80.0,94,58,0,36,1.0,143.0,0,0,9,0,0,9,0.0,,0,0,"{""offset"": 0, ""window"": 60, ""exit"": ""hard"", ""open_trade"": true, ""vwap"": true, ""legs"": false, ""leg_max"": 4, ""rev_mode"": ""off"", ""wait_open"": true, ""maxpos"": 1, ""stack_trig"": ""both"", ""stack_size"": 1.0, ""ma"": 50, ""big_thr"": 15.0, ""big_sl"": 35.0, ""big_tp"": 115.0, ""std_sl"": 25.0, ""std_tp"": 35.0, ""leg_gap"": 20.0, ""leg_sl"": 25.0, ""leg_tp"": 60.0, ""min_fv"": 60.0, ""min_bos"": 20.0, ""disp_pts"": 15.0, ""stack_gap"": 10.0}",0.268,223,0.035,52,-0.16,18,-2760,-5905,2909,310,-5079,7094,4252,4421,381,207,96,78,0.683,940.0,0,96,,,,,,,
"{""ASIA"": null, ""LDN"": null, ""NY"": 2}",500,,,,0.64,47002,76,46,0,30,1.0,132.0,0,0,133.9,17.3,-80.0,94,58,0,36,1.0,143.0,0,0,9,0,0,9,0.0,,0,0,"{""offset"": 0, ""window"": 60, ""exit"": ""hard"", ""open_trade"": true, ""vwap"": true, ""legs"": false, ""leg_max"": 4, ""rev_mode"": ""off"", ""wait_open"": true, ""maxpos"": 1, ""stack_trig"": ""both"", ""stack_size"": 1.0, ""ma"": 50, ""big_thr"": 15.0, ""big_sl"": 35.0, ""big_tp"": 115.0, ""std_sl"": 25.0, ""std_tp"": 35.0, ""leg_gap"": 20.0, ""leg_sl"": 25.0, ""leg_tp"": 60.0, ""min_fv"": 60.0, ""min_bos"": 20.0, ""disp_pts"": 15.0, ""stack_gap"": 10.0}",0.268,223,0.035,52,-0.16,18,-2760,-5905,2909,310,-5079,7094,4252,4421,381,207,96,78,0.683,940.0,0,96,,,,,,,
"{""ASIA"": null, ""LDN"": null, ""NY"": 2}",500,4000.0,,,0.64,47002,76,46,0,30,1.0,132.0,0,0,133.9,17.3,-80.0,94,58,0,36,1.0,143.0,0,0,9,0,0,9,0.0,,0,0,"{""offset"": 0, ""window"": 60, ""exit"": ""hard"", ""open_trade"": true, ""vwap"": true, ""legs"": false, ""leg_max"": 4, ""rev_mode"": ""off"", ""wait_open"": true, ""maxpos"": 1, ""stack_trig"": ""both"", ""stack_size"": 1.0, ""ma"": 50, ""big_thr"": 15.0, ""big_sl"": 35.0, ""big_tp"": 115.0, ""std_sl"": 25.0, ""std_tp"": 35.0, ""leg_gap"": 20.0, ""leg_sl"": 25.0, ""leg_tp"": 60.0, ""min_fv"": 60.0, ""min_bos"": 20.0, ""disp_pts"": 15.0, ""stack_gap"": 10.0}",0.268,223,0.035,52,-0.16,18,-2760,-5905,2909,310,-5079,7094,4252,4421,381,207,96,78,0.683,940.0,0,96,,,,,,,
"{""ASIA"": null, ""LDN"": null, ""NY"": 2}",500,2000.0,,,0.64,47002,76,46,0,30,1.0,132.0,0,0,133.9,17.3,-80.0,94,58,0,36,1.0,143.0,0,0,9,0,0,9,0.0,,0,0,"{""offset"": 0, ""window"": 60, ""exit"": ""hard"", ""open_trade"": true, ""vwap"": true, ""legs"": false, ""leg_max"": 4, ""rev_mode"": ""off"", ""wait_open"": true, ""maxpos"": 1, ""stack_trig"": ""both"", ""stack_size"": 1.0, ""ma"": 50, ""big_thr"": 15.0, ""big_sl"": 35.0, ""big_tp"": 115.0, ""std_sl"": 25.0, ""std_tp"": 35.0, ""leg_gap"": 20.0, ""leg_sl"": 25.0, ""leg_tp"": 60.0, ""min_fv"": 60.0, ""min_bos"": 20.0, ""disp_pts"": 15.0, ""stack_gap"": 10.0}",0.268,223,0.035,52,-0.16,18,-2760,-5905,2909,310,-5079,7094,4252,4421,381,207,96,78,0.683,940.0,0,96,,,,,,,
"{""ASIA"": null, ""LDN"": 0, ""NY"": 0}",250,,,,1.24,42692,76,45,0,31,1.0,137.0,0,0,121.6,-88.7,-88.5,94,59,4,31,0.937,150.0,0,4,9,0,0,9,0.0,,0,0,"{""offset"": 0, ""window"": 90, ""exit"": ""hard"", ""open_trade"": true, ""vwap"": true, ""legs"": true, ""leg_max"": 4, ""rev_mode"": ""mixed"", ""wait_open"": true, ""maxpos"": 1, ""stack_trig"": ""fvg"", ""stack_size"": 0.5, ""ma"": 50, ""big_thr"": 10.0, ""big_sl"": 25.0, ""big_tp"": 100.0, ""std_sl"": 25.0, ""std_tp"": 50.0, ""leg_gap"": 25.0, ""leg_sl"": 25.0, ""leg_tp"": 115.0, ""min_fv"": 200.0, ""min_bos"": 20.0, ""disp_pts"": 40.0, ""stack_gap"": 15.0}",0.358,287,-0.227,77,-0.266,29,-144,-2586,5736,1402,3148,-3404,3866,-1257,381,18,162,201,0.1,608.5,0,162,"{""offset"": 0, ""window"": 90, ""exit"": ""run"", ""open_trade"": false, ""vwap"": true, ""legs"": false, ""leg_max"": 2, ""rev_mode"": ""disp_fv"", ""wait_open"": true, ""maxpos"": 3, ""stack_trig"": ""bos"", ""stack_size"": 1.0, ""ma"": 200, ""big_thr"": 4.0, ""big_sl"": 12.0, ""big_tp"": 40.0, ""std_sl"": 14.0, ""std_tp"": 20.0, ""leg_gap"": 6.0, ""leg_sl"": 14.0, ""leg_tp"": 24.0, ""min_fv"": 60.0, ""min_bos"": 4.0, ""disp_pts"": 6.0, ""stack_gap"": 8.0}",0.129,147.0,-0.128,52.0,-0.088,55.0
"{""ASIA"": null, ""LDN"": 0, ""NY"": 1}",250,3000.0,,,1.11,42046,76,45,0,31,1.0,141.0,0,0,119.8,-39.1,25.9,94,57,0,37,1.0,154.0,0,0,9,0,0,9,0.0,,0,0,"{""offset"": 0, ""window"": 120, ""exit"": ""hard"", ""open_trade"": true, ""vwap"": true, ""legs"": true, ""leg_max"": 2, ""rev_mode"": ""off"", ""wait_open"": false, ""maxpos"": 2, ""stack_trig"": ""both"", ""stack_size"": 0.5, ""ma"": 100, ""big_thr"": 25.0, ""big_sl"": 25.0, ""big_tp"": 115.0, ""std_sl"": 20.0, ""std_tp"": 35.0, ""leg_gap"": 20.0, ""leg_sl"": 45.0, ""leg_tp"": 140.0, ""min_fv"": 80.0, ""min_bos"": 15.0, ""disp_pts"": 30.0, ""stack_gap"": 15.0}",0.35,242,-0.029,59,0.191,35,-1355,-4266,-924,-2108,-4574,-7621,2634,5082,381,0,243,138,0.0,,0,243,"{""offset"": 0, ""window"": 90, ""exit"": ""run"", ""open_trade"": false, ""vwap"": true, ""legs"": false, ""leg_max"": 2, ""rev_mode"": ""disp_fv"", ""wait_open"": true, ""maxpos"": 3, ""stack_trig"": ""bos"", ""stack_size"": 1.0, ""ma"": 200, ""big_thr"": 4.0, ""big_sl"": 12.0, ""big_tp"": 40.0, ""std_sl"": 14.0, ""std_tp"": 20.0, ""leg_gap"": 6.0, ""leg_sl"": 14.0, ""leg_tp"": 24.0, ""min_fv"": 60.0, ""min_bos"": 4.0, ""disp_pts"": 6.0, ""stack_gap"": 8.0}",0.129,147.0,-0.128,52.0,-0.088,55.0
"{""ASIA"": null, ""LDN"": 0, ""NY"": 1}",250,4000.0,,,1.11,42046,76,45,0,31,1.0,141.0,0,0,119.8,-39.1,25.9,94,57,0,37,1.0,154.0,0,0,9,0,0,9,0.0,,0,0,"{""offset"": 0, ""window"": 120, ""exit"": ""hard"", ""open_trade"": true, ""vwap"": true, ""legs"": true, ""leg_max"": 2, ""rev_mode"": ""off"", ""wait_open"": false, ""maxpos"": 2, ""stack_trig"": ""both"", ""stack_size"": 0.5, ""ma"": 100, ""big_thr"": 25.0, ""big_sl"": 25.0, ""big_tp"": 115.0, ""std_sl"": 20.0, ""std_tp"": 35.0, ""leg_gap"": 20.0, ""leg_sl"": 45.0, ""leg_tp"": 140.0, ""min_fv"": 80.0, ""min_bos"": 15.0, ""disp_pts"": 30.0, ""stack_gap"": 15.0}",0.35,242,-0.029,59,0.191,35,-1355,-4266,-924,-2108,-4574,-7621,2634,5082,381,0,243,138,0.0,,0,243,"{""offset"": 0, ""window"": 90, ""exit"": ""run"", ""open_trade"": false, ""vwap"": true, ""legs"": false, ""leg_max"": 2, ""rev_mode"": ""disp_fv"", ""wait_open"": true, ""maxpos"": 3, ""stack_trig"": ""bos"", ""stack_size"": 1.0, ""ma"": 200, ""big_thr"": 4.0, ""big_sl"": 12.0, ""big_tp"": 40.0, ""std_sl"": 14.0, ""std_tp"": 20.0, ""leg_gap"": 6.0, ""leg_sl"": 14.0, ""leg_tp"": 24.0, ""min_fv"": 60.0, ""min_bos"": 4.0, ""disp_pts"": 6.0, ""stack_gap"": 8.0}",0.129,147.0,-0.128,52.0,-0.088,55.0
"{""ASIA"": null, ""LDN"": 0, ""NY"": 1}",250,,,,1.11,42046,76,45,0,31,1.0,141.0,0,0,119.8,-39.1,25.9,94,57,0,37,1.0,154.0,0,0,9,0,0,9,0.0,,0,0,"{""offset"": 0, ""window"": 120, ""exit"": ""hard"", ""open_trade"": true, ""vwap"": true, ""legs"": true, ""leg_max"": 2, ""rev_mode"": ""off"", ""wait_open"": false, ""maxpos"": 2, ""stack_trig"": ""both"", ""stack_size"": 0.5, ""ma"": 100, ""big_thr"": 25.0, ""big_sl"": 25.0, ""big_tp"": 115.0, ""std_sl"": 20.0, ""std_tp"": 35.0, ""leg_gap"": 20.0, ""leg_sl"": 45.0, ""leg_tp"": 140.0, ""min_fv"": 80.0, ""min_bos"": 15.0, ""disp_pts"": 30.0, ""stack_gap"": 15.0}",0.35,242,-0.029,59,0.191,35,-1355,-4266,-924,-2108,-4574,-7621,2634,5082,381,0,243,138,0.0,,0,243,"{""offset"": 0, ""window"": 90, ""exit"": ""run"", ""open_trade"": false, ""vwap"": true, ""legs"": false, ""leg_max"": 2, ""rev_mode"": ""disp_fv"", ""wait_open"": true, ""maxpos"": 3, ""stack_trig"": ""bos"", ""stack_size"": 1.0, ""ma"": 200, ""big_thr"": 4.0, ""big_sl"": 12.0, ""big_tp"": 40.0, ""std_sl"": 14.0, ""std_tp"": 20.0, ""leg_gap"": 6.0, ""leg_sl"": 14.0, ""leg_tp"": 24.0, ""min_fv"": 60.0, ""min_bos"": 4.0, ""disp_pts"": 6.0, ""stack_gap"": 8.0}",0.129,147.0,-0.128,52.0,-0.088,55.0
"{""ASIA"": null, ""LDN"": 0, ""NY"": 2}",250,,,,1.05,34813,76,45,0,31,1.0,148.0,0,0,99.2,-23.2,-61.9,94,57,0,37,1.0,168.0,0,0,9,0,0,9,0.0,,0,0,"{""offset"": 0, ""window"": 60, ""exit"": ""hard"", ""open_trade"": true, ""vwap"": true, ""legs"": false, ""leg_max"": 4, ""rev_mode"": ""off"", ""wait_open"": true, ""maxpos"": 1, ""stack_trig"": ""both"", ""stack_size"": 1.0, ""ma"": 50, ""big_thr"": 15.0, ""big_sl"": 35.0, ""big_tp"": 115.0, ""std_sl"": 25.0, ""std_tp"": 35.0, ""leg_gap"": 20.0, ""leg_sl"": 25.0, ""leg_tp"": 60.0, ""min_fv"": 60.0, ""min_bos"": 20.0, ""disp_pts"": 15.0, ""stack_gap"": 10.0}",0.268,223,0.035,52,-0.16,18,-1380,-2953,2088,155,1695,-2032,2638,4223,381,0,73,308,0.0,,0,73,"{""offset"": 0, ""window"": 90, ""exit"": ""run"", ""open_trade"": false, ""vwap"": true, ""legs"": false, ""leg_max"": 2, ""rev_mode"": ""disp_fv"", ""wait_open"": true, ""maxpos"": 3, ""stack_trig"": ""bos"", ""stack_size"": 1.0, ""ma"": 200, ""big_thr"": 4.0, ""big_sl"": 12.0, ""big_tp"": 40.0, ""std_sl"": 14.0, ""std_tp"": 20.0, ""leg_gap"": 6.0, ""leg_sl"": 14.0, ""leg_tp"": 24.0, ""min_fv"": 60.0, ""min_bos"": 4.0, ""disp_pts"": 6.0, ""stack_gap"": 8.0}",0.129,147.0,-0.128,52.0,-0.088,55.0
"{""ASIA"": null, ""LDN"": 0, ""NY"": 8}",250,3000.0,,,1.07,38325,76,45,0,31,1.0,146.0,0,0,109.2,-61.5,1.2,94,58,2,34,0.967,153.0,0,2,9,0,0,9,0.0,,0,0,"{""offset"": 0, ""window"": 150, ""exit"": ""run"", ""open_trade"": true, ""vwap"": true, ""legs"": false, ""leg_max"": 1, ""rev_mode"": ""off"", ""wait_open"": false, ""maxpos"": 2, ""stack_trig"": ""fvg"", ""stack_size"": 1.0, ""ma"": 100, ""big_thr"": 20.0, ""big_sl"": 25.0, ""big_tp"": 100.0, ""std_sl"": 35.0, ""std_tp"": 60.0, ""leg_gap"": 25.0, ""leg_sl"": 25.0, ""leg_tp"": 90.0, ""min_fv"": 150.0, ""min_bos"": 10.0, ""disp_pts"": 30.0, ""stack_gap"": 20.0}",0.308,230,-0.119,55,0.092,34,-335,-4964,1460,-1236,6004,-3562,3493,162,381,0,46,335,0.0,,0,46,"{""offset"": 0, ""window"": 90, ""exit"": ""run"", ""open_trade"": false, ""vwap"": true, ""legs"": false, ""leg_max"": 2, ""rev_mode"": ""disp_fv"", ""wait_open"": true, ""maxpos"": 3, ""stack_trig"": ""bos"", ""stack_size"": 1.0, ""ma"": 200, ""big_thr"": 4.0, ""big_sl"": 12.0, ""big_tp"": 40.0, ""std_sl"": 14.0, ""std_tp"": 20.0, ""leg_gap"": 6.0, ""leg_sl"": 14.0, ""leg_tp"": 24.0, ""min_fv"": 60.0, ""min_bos"": 4.0, ""disp_pts"": 6.0, ""stack_gap"": 8.0}",0.129,147.0,-0.128,52.0,-0.088,55.0
"{""ASIA"": null, ""LDN"": 0, ""NY"": 10}",250,2000.0,,,1.08,38162,76,45,0,31,1.0,198.0,0,0,108.7,-68.0,-45.4,94,27,0,67,1.0,250.0,0,0,9,0,0,9,0.0,,0,0,"{""offset"": 0, ""window"": 120, ""exit"": ""run"", ""open_trade"": true, ""vwap"": true, ""legs"": true, ""leg_max"": 1, ""rev_mode"": ""off"", ""wait_open"": true, ""maxpos"": 2, ""stack_trig"": ""bos"", ""stack_size"": 0.5, ""ma"": 50, ""big_thr"": 25.0, ""big_sl"": 25.0, ""big_tp"": 115.0, ""std_sl"": 30.0, ""std_tp"": 50.0, ""leg_gap"": 15.0, ""leg_sl"": 35.0, ""leg_tp"": 90.0, ""min_fv"": 40.0, ""min_bos"": 15.0, ""disp_pts"": 40.0, ""stack_gap"": 15.0}",0.372,238,-0.073,56,-0.094,19,-1198,-7005,2710,-371,5443,-5229,5200,1392,381,0,163,218,0.0,,0,163,"{""offset"": 0, ""window"": 90, ""exit"": ""run"", ""open_trade"": false, ""vwap"": true, ""legs"": false, ""leg_max"": 2, ""rev_mode"": ""disp_fv"", ""wait_open"": true, ""maxpos"": 3, ""stack_trig"": ""bos"", ""stack_size"": 1.0, ""ma"": 200, ""big_thr"": 4.0, ""big_sl"": 12.0, ""big_tp"": 40.0, ""std_sl"": 14.0, ""std_tp"": 20.0, ""leg_gap"": 6.0, ""leg_sl"": 14.0, ""leg_tp"": 24.0, ""min_fv"": 60.0, ""min_bos"": 4.0, ""disp_pts"": 6.0, ""stack_gap"": 8.0}",0.129,147.0,-0.128,52.0,-0.088,55.0
"{""ASIA"": null, ""LDN"": 0, ""NY"": 10}",250,,,,1.1,43991,76,45,0,31,1.0,141.0,0,0,125.3,-50.1,-45.4,94,57,0,37,1.0,177.0,0,0,9,0,0,9,0.0,,0,0,"{""offset"": 0, ""window"": 120, ""exit"": ""run"", ""open_trade"": true, ""vwap"": true, ""legs"": true, ""leg_max"": 1, ""rev_mode"": ""off"", ""wait_open"": true, ""maxpos"": 2, ""stack_trig"": ""bos"", ""stack_size"": 0.5, ""ma"": 50, ""big_thr"": 25.0, ""big_sl"": 25.0, ""big_tp"": 115.0, ""std_sl"": 30.0, ""std_tp"": 50.0, ""leg_gap"": 15.0, ""leg_sl"": 35.0, ""leg_tp"": 90.0, ""min_fv"": 40.0, ""min_bos"": 15.0, ""disp_pts"": 40.0, ""stack_gap"": 15.0}",0.372,238,-0.073,56,-0.094,19,-1198,-7005,2710,-371,5148,-5229,5200,1392,381,0,165,216,0.0,,0,165,"{""offset"": 0, ""window"": 90, ""exit"": ""run"", ""open_trade"": false, ""vwap"": true, ""legs"": false, ""leg_max"": 2, ""rev_mode"": ""disp_fv"", ""wait_open"": true, ""maxpos"": 3, ""stack_trig"": ""bos"", ""stack_size"": 1.0, ""ma"": 200, ""big_thr"": 4.0, ""big_sl"": 12.0, ""big_tp"": 40.0, ""std_sl"": 14.0, ""std_tp"": 20.0, ""leg_gap"": 6.0, ""leg_sl"": 14.0, ""leg_tp"": 24.0, ""min_fv"": 60.0, ""min_bos"": 4.0, ""disp_pts"": 6.0, ""stack_gap"": 8.0}",0.129,147.0,-0.128,52.0,-0.088,55.0
"{""ASIA"": null, ""LDN"": 0, ""NY"": 10}",250,3000.0,,,1.1,43991,76,45,0,31,1.0,141.0,0,0,125.3,-50.1,-45.4,94,57,0,37,1.0,177.0,0,0,9,0,0,9,0.0,,0,0,"{""offset"": 0, ""window"": 120, ""exit"": ""run"", ""open_trade"": true, ""vwap"": true, ""legs"": true, ""leg_max"": 1, ""rev_mode"": ""off"", ""wait_open"": true, ""maxpos"": 2, ""stack_trig"": ""bos"", ""stack_size"": 0.5, ""ma"": 50, ""big_thr"": 25.0, ""big_sl"": 25.0, ""big_tp"": 115.0, ""std_sl"": 30.0, ""std_tp"": 50.0, ""leg_gap"": 15.0, ""leg_sl"": 35.0, ""leg_tp"": 90.0, ""min_fv"": 40.0, ""min_bos"": 15.0, ""disp_pts"": 40.0, ""stack_gap"": 15.0}",0.372,238,-0.073,56,-0.094,19,-1198,-7005,2710,-371,5148,-5229,5200,1392,381,0,165,216,0.0,,0,165,"{""offset"": 0, ""window"": 90, ""exit"": ""run"", ""open_trade"": false, ""vwap"": true, ""legs"": false, ""leg_max"": 2, ""rev_mode"": ""disp_fv"", ""wait_open"": true, ""maxpos"": 3, ""stack_trig"": ""bos"", ""stack_size"": 1.0, ""ma"": 200, ""big_thr"": 4.0, ""big_sl"": 12.0, ""big_tp"": 40.0, ""std_sl"": 14.0, ""std_tp"": 20.0, ""leg_gap"": 6.0, ""leg_sl"": 14.0, ""leg_tp"": 24.0, ""min_fv"": 60.0, ""min_bos"": 4.0, ""disp_pts"": 6.0, ""stack_gap"": 8.0}",0.129,147.0,-0.128,52.0,-0.088,55.0
"{""ASIA"": null, ""LDN"": 0, ""NY"": 4}",250,4000.0,,,1.07,42217,76,45,0,31,1.0,146.0,0,0,120.3,-40.2,32.8,94,57,0,37,1.0,155.0,0,0,9,0,0,9,0.0,,0,0,"{""offset"": 0, ""window"": 90, ""exit"": ""run"", ""open_trade"": true, ""vwap"": true, ""legs"": false, ""leg_max"": 1, ""rev_mode"": ""off"", ""wait_open"": false, ""maxpos"": 2, ""stack_trig"": ""fvg"", ""stack_size"": 1.0, ""ma"": 100, ""big_thr"": 15.0, ""big_sl"": 25.0, ""big_tp"": 115.0, ""std_sl"": 25.0, ""std_tp"": 50.0, ""leg_gap"": 15.0, ""leg_sl"": 45.0, ""leg_tp"": 60.0, ""min_fv"": 125.0, ""min_bos"": 20.0, ""disp_pts"": 40.0, ""stack_gap"": 20.0}",0.352,230,-0.033,55,0.219,34,-991,-6631,1409,-1084,2917,-6098,4405,386,381,0,212,169,0.0,,0,212,"{""offset"": 0, ""window"": 90, ""exit"": ""run"", ""open_trade"": false, ""vwap"": true, ""legs"": false, ""leg_max"": 2, ""rev_mode"": ""disp_fv"", ""wait_open"": true, ""maxpos"": 3, ""stack_trig"": ""bos"", ""stack_size"": 1.0, ""ma"": 200, ""big_thr"": 4.0, ""big_sl"": 12.0, ""big_tp"": 40.0, ""std_sl"": 14.0, ""std_tp"": 20.0, ""leg_gap"": 6.0, ""leg_sl"": 14.0, ""leg_tp"": 24.0, ""min_fv"": 60.0, ""min_bos"": 4.0, ""disp_pts"": 6.0, ""stack_gap"": 8.0}",0.129,147.0,-0.128,52.0,-0.088,55.0
"{""ASIA"": null, ""LDN"": 0, ""NY"": 4}",250,3000.0,,,1.07,42217,76,45,0,31,1.0,146.0,0,0,120.3,-40.2,32.8,94,57,0,37,1.0,155.0,0,0,9,0,0,9,0.0,,0,0,"{""offset"": 0, ""window"": 90, ""exit"": ""run"", ""open_trade"": true, ""vwap"": true, ""legs"": false, ""leg_max"": 1, ""rev_mode"": ""off"", ""wait_open"": false, ""maxpos"": 2, ""stack_trig"": ""fvg"", ""stack_size"": 1.0, ""ma"": 100, ""big_thr"": 15.0, ""big_sl"": 25.0, ""big_tp"": 115.0, ""std_sl"": 25.0, ""std_tp"": 50.0, ""leg_gap"": 15.0, ""leg_sl"": 45.0, ""leg_tp"": 60.0, ""min_fv"": 125.0, ""min_bos"": 20.0, ""disp_pts"": 40.0, ""stack_gap"": 20.0}",0.352,230,-0.033,55,0.219,34,-991,-6631,1409,-1084,2917,-6098,4405,386,381,0,212,169,0.0,,0,212,"{""offset"": 0, ""window"": 90, ""exit"": ""run"", ""open_trade"": false, ""vwap"": true, ""legs"": false, ""leg_max"": 2, ""rev_mode"": ""disp_fv"", ""wait_open"": true, ""maxpos"": 3, ""stack_trig"": ""bos"", ""stack_size"": 1.0, ""ma"": 200, ""big_thr"": 4.0, ""big_sl"": 12.0, ""big_tp"": 40.0, ""std_sl"": 14.0, ""std_tp"": 20.0, ""leg_gap"": 6.0, ""leg_sl"": 14.0, ""leg_tp"": 24.0, ""min_fv"": 60.0, ""min_bos"": 4.0, ""disp_pts"": 6.0, ""stack_gap"": 8.0}",0.129,147.0,-0.128,52.0,-0.088,55.0
"{""ASIA"": null, ""LDN"": 0, ""NY"": 4}",250,,,,1.07,42217,76,45,0,31,1.0,146.0,0,0,120.3,-40.2,32.8,94,57,0,37,1.0,155.0,0,0,9,0,0,9,0.0,,0,0,"{""offset"": 0, ""window"": 90, ""exit"": ""run"", ""open_trade"": true, ""vwap"": true, ""legs"": false, ""leg_max"": 1, ""rev_mode"": ""off"", ""wait_open"": false, ""maxpos"": 2, ""stack_trig"": ""fvg"", ""stack_size"": 1.0, ""ma"": 100, ""big_thr"": 15.0, ""big_sl"": 25.0, ""big_tp"": 115.0, ""std_sl"": 25.0, ""std_tp"": 50.0, ""leg_gap"": 15.0, ""leg_sl"": 45.0, ""leg_tp"": 60.0, ""min_fv"": 125.0, ""min_bos"": 20.0, ""disp_pts"": 40.0, ""stack_gap"": 20.0}",0.352,230,-0.033,55,0.219,34,-991,-6631,1409,-1084,2917,-6098,4405,386,381,0,212,169,0.0,,0,212,"{""offset"": 0, ""window"": 90, ""exit"": ""run"", ""open_trade"": false, ""vwap"": true, ""legs"": false, ""leg_max"": 2, ""rev_mode"": ""disp_fv"", ""wait_open"": true, ""maxpos"": 3, ""stack_trig"": ""bos"", ""stack_size"": 1.0, ""ma"": 200, ""big_thr"": 4.0, ""big_sl"": 12.0, ""big_tp"": 40.0, ""std_sl"": 14.0, ""std_tp"": 20.0, ""leg_gap"": 6.0, ""leg_sl"": 14.0, ""leg_tp"": 24.0, ""min_fv"": 60.0, ""min_bos"": 4.0, ""disp_pts"": 6.0, ""stack_gap"": 8.0}",0.129,147.0,-0.128,52.0,-0.088,55.0
"{""ASIA"": null, ""LDN"": 0, ""NY"": 6}",250,,,,1.16,42709,76,45,0,31,1.0,122.0,0,0,121.7,-43.7,66.6,94,58,1,35,0.983,146.0,0,1,9,0,0,9,0.0,,0,0,"{""offset"": 0, ""window"": 60, ""exit"": ""hard"", ""open_trade"": true, ""vwap"": true, ""legs"": true, ""leg_max"": 2, ""rev_mode"": ""off"", ""wait_open"": true, ""maxpos"": 2, ""stack_trig"": ""fvg"", ""stack_size"": 0.5, ""ma"": 100, ""big_thr"": 10.0, ""big_sl"": 30.0, ""big_tp"": 115.0, ""std_sl"": 35.0, ""std_tp"": 42.0, ""leg_gap"": 10.0, ""leg_sl"": 45.0, ""leg_tp"": 140.0, ""min_fv"": 100.0, ""min_bos"": 0.0, ""disp_pts"": 20.0, ""stack_gap"": 15.0}",0.358,260,-0.047,64,0.354,44,-1052,-1712,1156,-707,5695,-4520,3177,-704,381,0,65,316,0.0,,0,65,"{""offset"": 0, ""window"": 90, ""exit"": ""run"", ""open_trade"": false, ""vwap"": true, ""legs"": false, ""leg_max"": 2, ""rev_mode"": ""disp_fv"", ""wait_open"": true, ""maxpos"": 3, ""stack_trig"": ""bos"", ""stack_size"": 1.0, ""ma"": 200, ""big_thr"": 4.0, ""big_sl"": 12.0, ""big_tp"": 40.0, ""std_sl"": 14.0, ""std_tp"": 20.0, ""leg_gap"": 6.0, ""leg_sl"": 14.0, ""leg_tp"": 24.0, ""min_fv"": 60.0, ""min_bos"": 4.0, ""disp_pts"": 6.0, ""stack_gap"": 8.0}",0.129,147.0,-0.128,52.0,-0.088,55.0
"{""ASIA"": null, ""LDN"": 0, ""NY"": 6}",250,4000.0,,,1.16,42709,76,45,0,31,1.0,122.0,0,0,121.7,-43.7,66.6,94,58,1,35,0.983,146.0,0,1,9,0,0,9,0.0,,0,0,"{""offset"": 0, ""window"": 60, ""exit"": ""hard"", ""open_trade"": true, ""vwap"": true, ""legs"": true, ""leg_max"": 2, ""rev_mode"": ""off"", ""wait_open"": true, ""maxpos"": 2, ""stack_trig"": ""fvg"", ""stack_size"": 0.5, ""ma"": 100, ""big_thr"": 10.0, ""big_sl"": 30.0, ""big_tp"": 115.0, ""std_sl"": 35.0, ""std_tp"": 42.0, ""leg_gap"": 10.0, ""leg_sl"": 45.0, ""leg_tp"": 140.0, ""min_fv"": 100.0, ""min_bos"": 0.0, ""disp_pts"": 20.0, ""stack_gap"": 15.0}",0.358,260,-0.047,64,0.354,44,-1052,-1712,1156,-707,5695,-4520,3177,-704,381,0,65,316,0.0,,0,65,"{""offset"": 0, ""window"": 90, ""exit"": ""run"", ""open_trade"": false, ""vwap"": true, ""legs"": false, ""leg_max"": 2, ""rev_mode"": ""disp_fv"", ""wait_open"": true, ""maxpos"": 3, ""stack_trig"": ""bos"", ""stack_size"": 1.0, ""ma"": 200, ""big_thr"": 4.0, ""big_sl"": 12.0, ""big_tp"": 40.0, ""std_sl"": 14.0, ""std_tp"": 20.0, ""leg_gap"": 6.0, ""leg_sl"": 14.0, ""leg_tp"": 24.0, ""min_fv"": 60.0, ""min_bos"": 4.0, ""disp_pts"": 6.0, ""stack_gap"": 8.0}",0.129,147.0,-0.128,52.0,-0.088,55.0
"{""ASIA"": null, ""LDN"": 1, ""NY"": 2}",250,4000.0,,,1.07,33718,76,45,0,31,1.0,146.0,0,0,96.1,-6.7,-102.3,94,57,0,37,1.0,159.0,0,0,9,0,0,9,0.0,,0,0,"{""offset"": 0, ""window"": 60, ""exit"": ""hard"", ""open_trade"": true, ""vwap"": true, ""legs"": false, ""leg_max"": 4, ""rev_mode"": ""off"", ""wait_open"": true, ""maxpos"": 1, ""stack_trig"": ""both"", ""stack_size"": 1.0, ""ma"": 50, ""big_thr"": 15.0, ""big_sl"": 35.0, ""big_tp"": 115.0, ""std_sl"": 25.0, ""std_tp"": 35.0, ""leg_gap"": 20.0, ""leg_sl"": 25.0, ""leg_tp"": 60.0, ""min_fv"": 60.0, ""min_bos"": 20.0, ""disp_pts"": 15.0, ""stack_gap"": 10.0}",0.268,223,0.035,52,-0.16,18,-1380,-2953,2235,-139,-6904,341,2492,3011,381,0,29,352,0.0,,0,29,"{""offset"": 0, ""window"": 90, ""exit"": ""run"", ""open_trade"": false, ""vwap"": true, ""legs"": false, ""leg_max"": 6, ""rev_mode"": ""disp_fv"", ""wait_open"": false, ""maxpos"": 3, ""stack_trig"": ""bos"", ""stack_size"": 0.5, ""ma"": 200, ""big_thr"": 8.0, ""big_sl"": 20.0, ""big_tp"": 52.0, ""std_sl"": 14.0, ""std_tp"": 24.0, ""leg_gap"": 4.0, ""leg_sl"": 14.0, ""leg_tp"": 24.0, ""min_fv"": 60.0, ""min_bos"": 0.0, ""disp_pts"": 8.0, ""stack_gap"": 6.0}",0.116,153.0,-0.061,58.0,-0.249,58.0
"{""ASIA"": null, ""LDN"": 0, ""NY"": 11}",250,,,,1.08,35927,76,45,0,31,1.0,146.0,0,0,102.4,-25.3,-68.8,94,57,0,37,1.0,181.0,0,0,9,0,0,9,0.0,,0,0,"{""offset"": 0, ""window"": 150, ""exit"": ""hard"", ""open_trade"": true, ""vwap"": true, ""legs"": true, ""leg_max"": 1, ""rev_mode"": ""off"", ""wait_open"": false, ""maxpos"": 3, ""stack_trig"": ""fvg"", ""stack_size"": 0.5, ""ma"": 50, ""big_thr"": 10.0, ""big_sl"": 35.0, ""big_tp"": 115.0, ""std_sl"": 25.0, ""std_tp"": 42.0, ""leg_gap"": 20.0, ""leg_sl"": 45.0, ""leg_tp"": 60.0, ""min_fv"": 80.0, ""min_bos"": 5.0, ""disp_pts"": 20.0, ""stack_gap"": 10.0}",0.281,233,0.026,55,-0.187,19,-112,-5233,4167,4050,7438,-1423,1722,-1023,381,37,2,342,0.949,586.0,0,2,"{""offset"": 0, ""window"": 90, ""exit"": ""run"", ""open_trade"": false, ""vwap"": true, ""legs"": false, ""leg_max"": 2, ""rev_mode"": ""disp_fv"", ""wait_open"": true, ""maxpos"": 3, ""stack_trig"": ""bos"", ""stack_size"": 1.0, ""ma"": 200, ""big_thr"": 4.0, ""big_sl"": 12.0, ""big_tp"": 40.0, ""std_sl"": 14.0, ""std_tp"": 20.0, ""leg_gap"": 6.0, ""leg_sl"": 14.0, ""leg_tp"": 24.0, ""min_fv"": 60.0, ""min_bos"": 4.0, ""disp_pts"": 6.0, ""stack_gap"": 8.0}",0.129,147.0,-0.128,52.0,-0.088,55.0
"{""ASIA"": null, ""LDN"": 0, ""NY"": 11}",250,3000.0,,,1.08,35927,76,45,0,31,1.0,146.0,0,0,102.4,-25.3,-68.8,94,57,0,37,1.0,181.0,0,0,9,0,0,9,0.0,,0,0,"{""offset"": 0, ""window"": 150, ""exit"": ""hard"", ""open_trade"": true, ""vwap"": true, ""legs"": true, ""leg_max"": 1, ""rev_mode"": ""off"", ""wait_open"": false, ""maxpos"": 3, ""stack_trig"": ""fvg"", ""stack_size"": 0.5, ""ma"": 50, ""big_thr"": 10.0, ""big_sl"": 35.0, ""big_tp"": 115.0, ""std_sl"": 25.0, ""std_tp"": 42.0, ""leg_gap"": 20.0, ""leg_sl"": 45.0, ""leg_tp"": 60.0, ""min_fv"": 80.0, ""min_bos"": 5.0, ""disp_pts"": 20.0, ""stack_gap"": 10.0}",0.281,233,0.026,55,-0.187,19,-112,-5233,4167,4050,7438,-1423,1722,-1023,381,37,2,342,0.949,586.0,0,2,"{""offset"": 0, ""window"": 90, ""exit"": ""run"", ""open_trade"": false, ""vwap"": true, ""legs"": false, ""leg_max"": 2, ""rev_mode"": ""disp_fv"", ""wait_open"": true, ""maxpos"": 3, ""stack_trig"": ""bos"", ""stack_size"": 1.0, ""ma"": 200, ""big_thr"": 4.0, ""big_sl"": 12.0, ""big_tp"": 40.0, ""std_sl"": 14.0, ""std_tp"": 20.0, ""leg_gap"": 6.0, ""leg_sl"": 14.0, ""leg_tp"": 24.0, ""min_fv"": 60.0, ""min_bos"": 4.0, ""disp_pts"": 6.0, ""stack_gap"": 8.0}",0.129,147.0,-0.128,52.0,-0.088,55.0
"{""ASIA"": null, ""LDN"": 0, ""NY"": 11}",250,4000.0,,,1.08,35927,76,45,0,31,1.0,146.0,0,0,102.4,-25.3,-68.8,94,57,0,37,1.0,181.0,0,0,9,0,0,9,0.0,,0,0,"{""offset"": 0, ""window"": 150, ""exit"": ""hard"", ""open_trade"": true, ""vwap"": true, ""legs"": true, ""leg_max"": 1, ""rev_mode"": ""off"", ""wait_open"": false, ""maxpos"": 3, ""stack_trig"": ""fvg"", ""stack_size"": 0.5, ""ma"": 50, ""big_thr"": 10.0, ""big_sl"": 35.0, ""big_tp"": 115.0, ""std_sl"": 25.0, ""std_tp"": 42.0, ""leg_gap"": 20.0, ""leg_sl"": 45.0, ""leg_tp"": 60.0, ""min_fv"": 80.0, ""min_bos"": 5.0, ""disp_pts"": 20.0, ""stack_gap"": 10.0}",0.281,233,0.026,55,-0.187,19,-112,-5233,4167,4050,7438,-1423,1722,-1023,381,37,2,342,0.949,586.0,0,2,"{""offset"": 0, ""window"": 90, ""exit"": ""run"", ""open_trade"": false, ""vwap"": true, ""legs"": false, ""leg_max"": 2, ""rev_mode"": ""disp_fv"", ""wait_open"": true, ""maxpos"": 3, ""stack_trig"": ""bos"", ""stack_size"": 1.0, ""ma"": 200, ""big_thr"": 4.0, ""big_sl"": 12.0, ""big_tp"": 40.0, ""std_sl"": 14.0, ""std_tp"": 20.0, ""leg_gap"": 6.0, ""leg_sl"": 14.0, ""leg_tp"": 24.0, ""min_fv"": 60.0, ""min_bos"": 4.0, ""disp_pts"": 6.0, ""stack_gap"": 8.0}",0.129,147.0,-0.128,52.0,-0.088,55.0
"{""ASIA"": null, ""LDN"": 1, ""NY"": 10}",250,2000.0,,,1.11,43191,76,45,0,31,1.0,122.0,0,0,123.1,-30.6,-85.7,94,59,0,35,1.0,144.0,0,0,9,0,0,9,0.0,,0,0,"{""offset"": 0, ""window"": 120, ""exit"": ""run"", ""open_trade"": true, ""vwap"": true, ""legs"": true, ""leg_max"": 1, ""rev_mode"": ""off"", ""wait_open"": true, ""maxpos"": 2, ""stack_trig"": ""bos"", ""stack_size"": 0.5, ""ma"": 50, ""big_thr"": 25.0, ""big_sl"": 25.0, ""big_tp"": 115.0, ""std_sl"": 30.0, ""std_tp"": 50.0, ""leg_gap"": 15.0, ""leg_sl"": 35.0, ""leg_tp"": 90.0, ""min_fv"": 40.0, ""min_bos"": 15.0, ""disp_pts"": 40.0, ""stack_gap"": 15.0}",0.372,238,-0.073,56,-0.094,19,-1198,-7005,2858,-666,-3451,-2856,5053,180,381,0,63,318,0.0,,0,63,"{""offset"": 0, ""window"": 90, ""exit"": ""run"", ""open_trade"": false, ""vwap"": true, ""legs"": false, ""leg_max"": 6, ""rev_mode"": ""disp_fv"", ""wait_open"": false, ""maxpos"": 3, ""stack_trig"": ""bos"", ""stack_size"": 0.5, ""ma"": 200, ""big_thr"": 8.0, ""big_sl"": 20.0, ""big_tp"": 52.0, ""std_sl"": 14.0, ""std_tp"": 24.0, ""leg_gap"": 4.0, ""leg_sl"": 14.0, ""leg_tp"": 24.0, ""min_fv"": 60.0, ""min_bos"": 0.0, ""disp_pts"": 8.0, ""stack_gap"": 6.0}",0.116,153.0,-0.061,58.0,-0.249,58.0
"{""ASIA"": null, ""LDN"": 1, ""NY"": 10}",250,3000.0,,,1.11,42896,76,45,0,31,1.0,122.0,0,0,122.2,-33.5,-85.7,94,58,0,36,1.0,146.0,0,0,9,0,0,9,0.0,,0,0,"{""offset"": 0, ""window"": 120, ""exit"": ""run"", ""open_trade"": true, ""vwap"": true, ""legs"": true, ""leg_max"": 1, ""rev_mode"": ""off"", ""wait_open"": true, ""maxpos"": 2, ""stack_trig"": ""bos"", ""stack_size"": 0.5, ""ma"": 50, ""big_thr"": 25.0, ""big_sl"": 25.0, ""big_tp"": 115.0, ""std_sl"": 30.0, ""std_tp"": 50.0, ""leg_gap"": 15.0, ""leg_sl"": 35.0, ""leg_tp"": 90.0, ""min_fv"": 40.0, ""min_bos"": 15.0, ""disp_pts"": 40.0, ""stack_gap"": 15.0}",0.372,238,-0.073,56,-0.094,19,-1198,-7005,2858,-666,-3451,-2856,5053,180,381,0,63,318,0.0,,0,63,"{""offset"": 0, ""window"": 90, ""exit"": ""run"", ""open_trade"": false, ""vwap"": true, ""legs"": false, ""leg_max"": 6, ""rev_mode"": ""disp_fv"", ""wait_open"": false, ""maxpos"": 3, ""stack_trig"": ""bos"", ""stack_size"": 0.5, ""ma"": 200, ""big_thr"": 8.0, ""big_sl"": 20.0, ""big_tp"": 52.0, ""std_sl"": 14.0, ""std_tp"": 24.0, ""leg_gap"": 4.0, ""leg_sl"": 14.0, ""leg_tp"": 24.0, ""min_fv"": 60.0, ""min_bos"": 0.0, ""disp_pts"": 8.0, ""stack_gap"": 6.0}",0.116,153.0,-0.061,58.0,-0.249,58.0
"{""ASIA"": null, ""LDN"": 1, ""NY"": 10}",250,4000.0,,,1.11,42896,76,45,0,31,1.0,122.0,0,0,122.2,-33.5,-85.7,94,58,0,36,1.0,146.0,0,0,9,0,0,9,0.0,,0,0,"{""offset"": 0, ""window"": 120, ""exit"": ""run"", ""open_trade"": true, ""vwap"": true, ""legs"": true, ""leg_max"": 1, ""rev_mode"": ""off"", ""wait_open"": true, ""maxpos"": 2, ""stack_trig"": ""bos"", ""stack_size"": 0.5, ""ma"": 50, ""big_thr"": 25.0, ""big_sl"": 25.0, ""big_tp"": 115.0, ""std_sl"": 30.0, ""std_tp"": 50.0, ""leg_gap"": 15.0, ""leg_sl"": 35.0, ""leg_tp"": 90.0, ""min_fv"": 40.0, ""min_bos"": 15.0, ""disp_pts"": 40.0, ""stack_gap"": 15.0}",0.372,238,-0.073,56,-0.094,19,-1198,-7005,2858,-666,-3451,-2856,5053,180,381,0,63,318,0.0,,0,63,"{""offset"": 0, ""window"": 90, ""exit"": ""run"", ""open_trade"": false, ""vwap"": true, ""legs"": false, ""leg_max"": 6, ""rev_mode"": ""disp_fv"", ""wait_open"": false, ""maxpos"": 3, ""stack_trig"": ""bos"", ""stack_size"": 0.5, ""ma"": 200, ""big_thr"": 8.0, ""big_sl"": 20.0, ""big_tp"": 52.0, ""std_sl"": 14.0, ""std_tp"": 24.0, ""leg_gap"": 4.0, ""leg_sl"": 14.0, ""leg_tp"": 24.0, ""min_fv"": 60.0, ""min_bos"": 0.0, ""disp_pts"": 8.0, ""stack_gap"": 6.0}",0.116,153.0,-0.061,58.0,-0.249,58.0
"{""ASIA"": null, ""LDN"": 2, ""NY"": 11}",250,3000.0,,,0.93,30294,76,45,0,31,1.0,150.0,0,0,86.3,-53.2,-131.2,94,48,0,46,1.0,192.5,0,0,9,0,0,9,0.0,,0,0,"{""offset"": 0, ""window"": 150, ""exit"": ""hard"", ""open_trade"": true, ""vwap"": true, ""legs"": true, ""leg_max"": 1, ""rev_mode"": ""off"", ""wait_open"": false, ""maxpos"": 3, ""stack_trig"": ""fvg"", ""stack_size"": 0.5, ""ma"": 50, ""big_thr"": 10.0, ""big_sl"": 35.0, ""big_tp"": 115.0, ""std_sl"": 25.0, ""std_tp"": 42.0, ""leg_gap"": 20.0, ""leg_sl"": 45.0, ""leg_tp"": 60.0, ""min_fv"": 80.0, ""min_bos"": 5.0, ""disp_pts"": 20.0, ""stack_gap"": 10.0}",0.281,233,0.026,55,-0.187,19,-112,-5233,3533,5728,-3589,3058,-4024,-4345,381,3,190,188,0.016,660.0,0,190,"{""offset"": 0, ""window"": 60, ""exit"": ""run"", ""open_trade"": false, ""vwap"": false, ""legs"": true, ""leg_max"": 2, ""rev_mode"": ""disp_fv"", ""wait_open"": true, ""maxpos"": 3, ""stack_trig"": ""bos"", ""stack_size"": 1.0, ""ma"": 200, ""big_thr"": 6.0, ""big_sl"": 16.0, ""big_tp"": 46.0, ""std_sl"": 8.0, ""std_tp"": 24.0, ""leg_gap"": 4.0, ""leg_sl"": 10.0, ""leg_tp"": 46.0, ""min_fv"": 60.0, ""min_bos"": 2.0, ""disp_pts"": 6.0, ""stack_gap"": 8.0}",0.065,95.0,-0.239,21.0,-0.338,34.0
"{""ASIA"": null, ""LDN"": null, ""NY"": 0}",500,2000.0,,,0.81,62318,76,43,0,33,1.0,88.0,0,0,177.5,-100.6,-133.2,94,53,4,37,0.93,109.0,0,4,9,0,0,9,0.0,,0,0,"{""offset"": 0, ""window"": 90, ""exit"": ""hard"", ""open_trade"": true, ""vwap"": true, ""legs"": true, ""leg_max"": 4, ""rev_mode"": ""mixed"", ""wait_open"": true, ""maxpos"": 1, ""stack_trig"": ""fvg"", ""stack_size"": 0.5, ""ma"": 50, ""big_thr"": 10.0, ""big_sl"": 25.0, ""big_tp"": 100.0, ""std_sl"": 25.0, ""std_tp"": 50.0, ""leg_gap"": 25.0, ""leg_sl"": 25.0, ""leg_tp"": 115.0, ""min_fv"": 200.0, ""min_bos"": 20.0, ""disp_pts"": 40.0, ""stack_gap"": 15.0}",0.358,287,-0.227,77,-0.266,29,-287,-5172,10205,2804,-2173,4351,6707,-6541,381,109,194,78,0.36,523.0,0,194,,,,,,,
"{""ASIA"": null, ""LDN"": null, ""NY"": 0}",500,,,,0.82,62761,76,43,0,33,1.0,88.0,0,0,178.8,-113.6,-133.2,94,53,10,31,0.841,109.0,0,10,9,0,0,9,0.0,,0,0,"{""offset"": 0, ""window"": 90, ""exit"": ""hard"", ""open_trade"": true, ""vwap"": true, ""legs"": true, ""leg_max"": 4, ""rev_mode"": ""mixed"", ""wait_open"": true, ""maxpos"": 1, ""stack_trig"": ""fvg"", ""stack_size"": 0.5, ""ma"": 50, ""big_thr"": 10.0, ""big_sl"": 25.0, ""big_tp"": 100.0, ""std_sl"": 25.0, ""std_tp"": 50.0, ""leg_gap"": 25.0, ""leg_sl"": 25.0, ""leg_tp"": 115.0, ""min_fv"": 200.0, ""min_bos"": 20.0, ""disp_pts"": 40.0, ""stack_gap"": 15.0}",0.358,287,-0.227,77,-0.266,29,-287,-5172,10205,2804,-2173,4351,6707,-6541,381,109,194,78,0.36,523.0,0,194,,,,,,,
"{""ASIA"": null, ""LDN"": null, ""NY"": 0}",500,3000.0,,,0.82,62761,76,43,0,33,1.0,88.0,0,0,178.8,-113.6,-133.2,94,53,10,31,0.841,109.0,0,10,9,0,0,9,0.0,,0,0,"{""offset"": 0, ""window"": 90, ""exit"": ""hard"", ""open_trade"": true, ""vwap"": true, ""legs"": true, ""leg_max"": 4, ""rev_mode"": ""mixed"", ""wait_open"": true, ""maxpos"": 1, ""stack_trig"": ""fvg"", ""stack_size"": 0.5, ""ma"": 50, ""big_thr"": 10.0, ""big_sl"": 25.0, ""big_tp"": 100.0, ""std_sl"": 25.0, ""std_tp"": 50.0, ""leg_gap"": 25.0, ""leg_sl"": 25.0, ""leg_tp"": 115.0, ""min_fv"": 200.0, ""min_bos"": 20.0, ""disp_pts"": 40.0, ""stack_gap"": 15.0}",0.358,287,-0.227,77,-0.266,29,-287,-5172,10205,2804,-2173,4351,6707,-6541,381,109,194,78,0.36,523.0,0,194,,,,,,,
"{""ASIA"": null, ""LDN"": null, ""NY"": 9}",500,,,near,0.82,55321,76,43,0,33,1.0,80.0,0,0,157.6,-128.6,-76.1,94,54,9,31,0.857,99.5,0,9,9,0,0,9,0.0,,0,0,"{""offset"": 0, ""window"": 60, ""exit"": ""hard"", ""open_trade"": true, ""vwap"": true, ""legs"": false, ""leg_max"": 1, ""rev_mode"": ""mixed"", ""wait_open"": false, ""maxpos"": 3, ""stack_trig"": ""both"", ""stack_size"": 1.0, ""ma"": 100, ""big_thr"": 15.0, ""big_sl"": 30.0, ""big_tp"": 100.0, ""std_sl"": 30.0, ""std_tp"": 60.0, ""leg_gap"": 15.0, ""leg_sl"": 45.0, ""leg_tp"": 140.0, ""min_fv"": 200.0, ""min_bos"": 15.0, ""disp_pts"": 15.0, ""stack_gap"": 20.0}",0.315,287,-0.257,71,-0.152,60,-2656,-4856,3939,-3604,3953,-328,3831,-3509,381,126,90,165,0.583,998.5,0,90,,,,,,,
"{""ASIA"": null, ""LDN"": null, ""NY"": 9}",500,4000.0,,near,0.82,55321,76,43,0,33,1.0,80.0,0,0,157.6,-128.6,-76.1,94,54,9,31,0.857,99.5,0,9,9,0,0,9,0.0,,0,0,"{""offset"": 0, ""window"": 60, ""exit"": ""hard"", ""open_trade"": true, ""vwap"": true, ""legs"": false, ""leg_max"": 1, ""rev_mode"": ""mixed"", ""wait_open"": false, ""maxpos"": 3, ""stack_trig"": ""both"", ""stack_size"": 1.0, ""ma"": 100, ""big_thr"": 15.0, ""big_sl"": 30.0, ""big_tp"": 100.0, ""std_sl"": 30.0, ""std_tp"": 60.0, ""leg_gap"": 15.0, ""leg_sl"": 45.0, ""leg_tp"": 140.0, ""min_fv"": 200.0, ""min_bos"": 15.0, ""disp_pts"": 15.0, ""stack_gap"": 20.0}",0.315,287,-0.257,71,-0.152,60,-2656,-4856,3939,-3604,3953,-328,3831,-3509,381,126,90,165,0.583,998.5,0,90,,,,,,,
"{""ASIA"": null, ""LDN"": null, ""NY"": 11}",500,4000.0,,,0.66,49234,76,43,0,33,1.0,133.0,0,0,140.3,13.2,-93.7,94,54,0,40,1.0,145.0,0,0,9,0,0,9,0.0,,0,0,"{""offset"": 0, ""window"": 150, ""exit"": ""hard"", ""open_trade"": true, ""vwap"": true, ""legs"": true, ""leg_max"": 1, ""rev_mode"": ""off"", ""wait_open"": false, ""maxpos"": 3, ""stack_trig"": ""fvg"", ""stack_size"": 0.5, ""ma"": 50, ""big_thr"": 10.0, ""big_sl"": 35.0, ""big_tp"": 115.0, ""std_sl"": 25.0, ""std_tp"": 42.0, ""leg_gap"": 20.0, ""leg_sl"": 45.0, ""leg_tp"": 60.0, ""min_fv"": 80.0, ""min_bos"": 5.0, ""disp_pts"": 20.0, ""stack_gap"": 10.0}",0.281,233,0.026,55,-0.187,19,-224,-10466,7067,8100,6407,8312,2420,-6072,381,173,130,78,0.571,439.0,0,130,,,,,,,
"{""ASIA"": null, ""LDN"": null, ""NY"": 11}",500,2000.0,,,0.66,49234,76,43,0,33,1.0,133.0,0,0,140.3,13.2,-93.7,94,54,0,40,1.0,145.0,0,0,9,0,0,9,0.0,,0,0,"{""offset"": 0, ""window"": 150, ""exit"": ""hard"", ""open_trade"": true, ""vwap"": true, ""legs"": true, ""leg_max"": 1, ""rev_mode"": ""off"", ""wait_open"": false, ""maxpos"": 3, ""stack_trig"": ""fvg"", ""stack_size"": 0.5, ""ma"": 50, ""big_thr"": 10.0, ""big_sl"": 35.0, ""big_tp"": 115.0, ""std_sl"": 25.0, ""std_tp"": 42.0, ""leg_gap"": 20.0, ""leg_sl"": 45.0, ""leg_tp"": 60.0, ""min_fv"": 80.0, ""min_bos"": 5.0, ""disp_pts"": 20.0, ""stack_gap"": 10.0}",0.281,233,0.026,55,-0.187,19,-224,-10466,7067,8100,6407,8312,2420,-6072,381,173,130,78,0.571,439.0,0,130,,,,,,,
"{""ASIA"": null, ""LDN"": null, ""NY"": 5}",250,4000.0,,,0.66,31193,76,41,0,35,1.0,224.0,0,0,88.9,-21.1,-27.2,94,49,0,45,1.0,281.0,0,0,9,0,0,9,0.0,,0,0,"{""offset"": 0, ""window"": 60, ""exit"": ""hard"", ""open_trade"": true, ""vwap"": true, ""legs"": false, ""leg_max"": 1, ""rev_mode"": ""off"", ""wait_open"": false, ""maxpos"": 3, ""stack_trig"": ""both"", ""stack_size"": 1.0, ""ma"": 100, ""big_thr"": 10.0, ""big_sl"": 25.0, ""big_tp"": 150.0, ""std_sl"": 25.0, ""std_tp"": 30.0, ""leg_gap"": 20.0, ""leg_sl"": 45.0, ""leg_tp"": 90.0, ""min_fv"": 150.0, ""min_bos"": 5.0, ""disp_pts"": 25.0, ""stack_gap"": 15.0}",0.355,230,-0.084,55,-0.109,34,-1858,-2969,-282,-1702,-6433,-3687,706,-1687,381,0,206,175,0.0,,0,206,,,,,,,
"{""ASIA"": null, ""LDN"": 0, ""NY"": 6}",250,2000.0,,near,1.15,36877,76,41,0,35,1.0,160.0,0,0,105.1,-58.8,66.6,94,54,3,37,0.947,192.5,0,3,9,0,0,9,0.0,,0,0,"{""offset"": 0, ""window"": 60, ""exit"": ""hard"", ""open_trade"": true, ""vwap"": true, ""legs"": true, ""leg_max"": 2, ""rev_mode"": ""off"", ""wait_open"": true, ""maxpos"": 2, ""stack_trig"": ""fvg"", ""stack_size"": 0.5, ""ma"": 100, ""big_thr"": 10.0, ""big_sl"": 30.0, ""big_tp"": 115.0, ""std_sl"": 35.0, ""std_tp"": 42.0, ""leg_gap"": 10.0, ""leg_sl"": 45.0, ""leg_tp"": 140.0, ""min_fv"": 100.0, ""min_bos"": 0.0, ""disp_pts"": 20.0, ""stack_gap"": 15.0}",0.358,260,-0.047,64,0.354,44,-1052,-1712,1156,-707,6255,-4520,3177,-704,381,0,21,360,0.0,,0,21,"{""offset"": 0, ""window"": 90, ""exit"": ""run"", ""open_trade"": false, ""vwap"": true, ""legs"": false, ""leg_max"": 2, ""rev_mode"": ""disp_fv"", ""wait_open"": true, ""maxpos"": 3, ""stack_trig"": ""bos"", ""stack_size"": 1.0, ""ma"": 200, ""big_thr"": 4.0, ""big_sl"": 12.0, ""big_tp"": 40.0, ""std_sl"": 14.0, ""std_tp"": 20.0, ""leg_gap"": 6.0, ""leg_sl"": 14.0, ""leg_tp"": 24.0, ""min_fv"": 60.0, ""min_bos"": 4.0, ""disp_pts"": 6.0, ""stack_gap"": 8.0}",0.129,147.0,-0.128,52.0,-0.088,55.0
"{""ASIA"": null, ""LDN"": null, ""NY"": 7}",250,2000.0,,near,0.75,32604,76,40,0,36,1.0,181.5,0,0,92.9,-17.8,40.7,94,45,0,49,1.0,250.0,0,0,9,0,0,9,0.0,,0,0,"{""offset"": 0, ""window"": 120, ""exit"": ""hard"", ""open_trade"": true, ""vwap"": true, ""legs"": true, ""leg_max"": 1, ""rev_mode"": ""off"", ""wait_open"": false, ""maxpos"": 2, ""stack_trig"": ""both"", ""stack_size"": 0.5, ""ma"": 200, ""big_thr"": 10.0, ""big_sl"": 25.0, ""big_tp"": 115.0, ""std_sl"": 35.0, ""std_tp"": 30.0, ""leg_gap"": 20.0, ""leg_sl"": 35.0, ""leg_tp"": 90.0, ""min_fv"": 40.0, ""min_bos"": 20.0, ""disp_pts"": 20.0, ""stack_gap"": 10.0}",0.372,265,-0.071,64,0.163,36,-1306,-2152,987,-1605,-5383,466,2981,-3907,381,0,50,331,0.0,,0,50,,,,,,,
"{""ASIA"": null, ""LDN"": null, ""NY"": 7}",250,4000.0,,near,0.75,32604,76,40,0,36,1.0,181.5,0,0,92.9,-17.8,40.7,94,45,0,49,1.0,250.0,0,0,9,0,0,9,0.0,,0,0,"{""offset"": 0, ""window"": 120, ""exit"": ""hard"", ""open_trade"": true, ""vwap"": true, ""legs"": true, ""leg_max"": 1, ""rev_mode"": ""off"", ""wait_open"": false, ""maxpos"": 2, ""stack_trig"": ""both"", ""stack_size"": 0.5, ""ma"": 200, ""big_thr"": 10.0, ""big_sl"": 25.0, ""big_tp"": 115.0, ""std_sl"": 35.0, ""std_tp"": 30.0, ""leg_gap"": 20.0, ""leg_sl"": 35.0, ""leg_tp"": 90.0, ""min_fv"": 40.0, ""min_bos"": 20.0, ""disp_pts"": 20.0, ""stack_gap"": 10.0}",0.372,265,-0.071,64,0.163,36,-1306,-2152,987,-1605,-5383,466,2981,-3907,381,0,50,331,0.0,,0,50,,,,,,,
"{""ASIA"": null, ""LDN"": 0, ""NY"": 0}",250,2000.0,,near,1.22,36863,76,38,0,38,1.0,152.5,0,0,105.0,-106.6,-88.5,94,37,8,49,0.822,224.0,0,8,9,0,0,9,0.0,,0,0,"{""offset"": 0, ""window"": 90, ""exit"": ""hard"", ""open_trade"": true, ""vwap"": true, ""legs"": true, ""leg_max"": 4, ""rev_mode"": ""mixed"", ""wait_open"": true, ""maxpos"": 1, ""stack_trig"": ""fvg"", ""stack_size"": 0.5, ""ma"": 50, ""big_thr"": 10.0, ""big_sl"": 25.0, ""big_tp"": 100.0, ""std_sl"": 25.0, ""std_tp"": 50.0, ""leg_gap"": 25.0, ""leg_sl"": 25.0, ""leg_tp"": 115.0, ""min_fv"": 200.0, ""min_bos"": 20.0, ""disp_pts"": 40.0, ""stack_gap"": 15.0}",0.358,287,-0.227,77,-0.266,29,-144,-2586,5736,1402,3443,-3404,3866,-1257,381,22,154,205,0.125,613.0,0,154,"{""offset"": 0, ""window"": 90, ""exit"": ""run"", ""open_trade"": false, ""vwap"": true, ""legs"": false, ""leg_max"": 2, ""rev_mode"": ""disp_fv"", ""wait_open"": true, ""maxpos"": 3, ""stack_trig"": ""bos"", ""stack_size"": 1.0, ""ma"": 200, ""big_thr"": 4.0, ""big_sl"": 12.0, ""big_tp"": 40.0, ""std_sl"": 14.0, ""std_tp"": 20.0, ""leg_gap"": 6.0, ""leg_sl"": 14.0, ""leg_tp"": 24.0, ""min_fv"": 60.0, ""min_bos"": 4.0, ""disp_pts"": 6.0, ""stack_gap"": 8.0}",0.129,147.0,-0.128,52.0,-0.088,55.0
"{""ASIA"": null, ""LDN"": null, ""NY"": 4}",250,3000.0,,near,0.66,30905,76,35,0,41,1.0,199.0,0,0,88.0,-8.3,54.7,94,28,0,66,1.0,235.5,0,0,9,0,0,9,0.0,,0,0,"{""offset"": 0, ""window"": 90, ""exit"": ""run"", ""open_trade"": true, ""vwap"": true, ""legs"": false, ""leg_max"": 1, ""rev_mode"": ""off"", ""wait_open"": false, ""maxpos"": 2, ""stack_trig"": ""fvg"", ""stack_size"": 1.0, ""ma"": 100, ""big_thr"": 15.0, ""big_sl"": 25.0, ""big_tp"": 115.0, ""std_sl"": 25.0, ""std_tp"": 50.0, ""leg_gap"": 15.0, ""leg_sl"": 45.0, ""leg_tp"": 60.0, ""min_fv"": 125.0, ""min_bos"": 20.0, ""disp_pts"": 40.0, ""stack_gap"": 20.0}",0.352,230,-0.033,55,0.219,34,-991,-6631,776,-1084,-1318,-518,3892,-1627,381,0,22,359,0.0,,0,22,,,,,,,
"{""ASIA"": null, ""LDN"": null, ""NY"": 4}",250,4000.0,,near,0.66,30905,76,35,0,41,1.0,199.0,0,0,88.0,-8.3,54.7,94,28,0,66,1.0,235.5,0,0,9,0,0,9,0.0,,0,0,"{""offset"": 0, ""window"": 90, ""exit"": ""run"", ""open_trade"": true, ""vwap"": true, ""legs"": false, ""leg_max"": 1, ""rev_mode"": ""off"", ""wait_open"": false, ""maxpos"": 2, ""stack_trig"": ""fvg"", ""stack_size"": 1.0, ""ma"": 100, ""big_thr"": 15.0, ""big_sl"": 25.0, ""big_tp"": 115.0, ""std_sl"": 25.0, ""std_tp"": 50.0, ""leg_gap"": 15.0, ""leg_sl"": 45.0, ""leg_tp"": 60.0, ""min_fv"": 125.0, ""min_bos"": 20.0, ""disp_pts"": 40.0, ""stack_gap"": 20.0}",0.352,230,-0.033,55,0.219,34,-991,-6631,776,-1084,-1318,-518,3892,-1627,381,0,22,359,0.0,,0,22,,,,,,,
"{""ASIA"": null, ""LDN"": null, ""NY"": 10}",250,,,near,0.68,32680,76,34,0,42,1.0,188.0,0,0,93.1,-18.2,-23.5,94,44,0,50,1.0,244.5,0,0,9,0,0,9,0.0,,0,0,"{""offset"": 0, ""window"": 120, ""exit"": ""run"", ""open_trade"": true, ""vwap"": true, ""legs"": true, ""leg_max"": 1, ""rev_mode"": ""off"", ""wait_open"": true, ""maxpos"": 2, ""stack_trig"": ""bos"", ""stack_size"": 0.5, ""ma"": 50, ""big_thr"": 25.0, ""big_sl"": 25.0, ""big_tp"": 115.0, ""std_sl"": 30.0, ""std_tp"": 50.0, ""leg_gap"": 15.0, ""leg_sl"": 35.0, ""leg_tp"": 90.0, ""min_fv"": 40.0, ""min_bos"": 15.0, ""disp_pts"": 40.0, ""stack_gap"": 15.0}",0.372,238,-0.073,56,-0.094,19,-1198,-7005,2077,-371,914,350,4688,-621,381,0,14,367,0.0,,0,14,,,,,,,
"{""ASIA"": null, ""LDN"": null, ""NY"": 6}",250,2000.0,,,0.74,31397,76,32,0,44,1.0,193.0,0,0,89.5,-11.8,88.5,94,43,0,51,1.0,235.0,0,0,9,0,0,9,0.0,,0,0,"{""offset"": 0, ""window"": 60, ""exit"": ""hard"", ""open_trade"": true, ""vwap"": true, ""legs"": true, ""leg_max"": 2, ""rev_mode"": ""off"", ""wait_open"": true, ""maxpos"": 2, ""stack_trig"": ""fvg"", ""stack_size"": 0.5, ""ma"": 100, ""big_thr"": 10.0, ""big_sl"": 30.0, ""big_tp"": 115.0, ""std_sl"": 35.0, ""std_tp"": 42.0, ""leg_gap"": 10.0, ""leg_sl"": 45.0, ""leg_tp"": 140.0, ""min_fv"": 100.0, ""min_bos"": 0.0, ""disp_pts"": 20.0, ""stack_gap"": 15.0}",0.358,260,-0.047,64,0.354,44,-1052,-1712,523,-707,1461,1060,2665,-2717,381,0,0,381,0.0,,0,0,,,,,,,
"{""ASIA"": null, ""LDN"": null, ""NY"": 6}",250,3000.0,,,0.74,31397,76,32,0,44,1.0,193.0,0,0,89.5,-11.8,88.5,94,43,0,51,1.0,235.0,0,0,9,0,0,9,0.0,,0,0,"{""offset"": 0, ""window"": 60, ""exit"": ""hard"", ""open_trade"": true, ""vwap"": true, ""legs"": true, ""leg_max"": 2, ""rev_mode"": ""off"", ""wait_open"": true, ""maxpos"": 2, ""stack_trig"": ""fvg"", ""stack_size"": 0.5, ""ma"": 100, ""big_thr"": 10.0, ""big_sl"": 30.0, ""big_tp"": 115.0, ""std_sl"": 35.0, ""std_tp"": 42.0, ""leg_gap"": 10.0, ""leg_sl"": 45.0, ""leg_tp"": 140.0, ""min_fv"": 100.0, ""min_bos"": 0.0, ""disp_pts"": 20.0, ""stack_gap"": 15.0}",0.358,260,-0.047,64,0.354,44,-1052,-1712,523,-707,1461,1060,2665,-2717,381,0,0,381,0.0,,0,0,,,,,,,
"{""ASIA"": null, ""LDN"": null, ""NY"": 1}",250,,,near,0.69,30735,76,31,0,45,1.0,198.0,0,0,87.6,-7.2,47.8,94,43,0,51,1.0,235.0,0,0,9,0,0,9,0.0,,0,0,"{""offset"": 0, ""window"": 120, ""exit"": ""hard"", ""open_trade"": true, ""vwap"": true, ""legs"": true, ""leg_max"": 2, ""rev_mode"": ""off"", ""wait_open"": false, ""maxpos"": 2, ""stack_trig"": ""both"", ""stack_size"": 0.5, ""ma"": 100, ""big_thr"": 25.0, ""big_sl"": 25.0, ""big_tp"": 115.0, ""std_sl"": 20.0, ""std_tp"": 35.0, ""leg_gap"": 20.0, ""leg_sl"": 45.0, ""leg_tp"": 140.0, ""min_fv"": 80.0, ""min_bos"": 15.0, ""disp_pts"": 30.0, ""stack_gap"": 15.0}",0.35,242,-0.029,59,0.191,35,-1355,-4266,-1558,-2108,-8808,-2041,2122,3069,381,0,193,188,0.0,,0,193,,,,,,,
"{""ASIA"": null, ""LDN"": null, ""NY"": 1}",250,3000.0,,near,0.69,30735,76,31,0,45,1.0,198.0,0,0,87.6,-7.2,47.8,94,43,0,51,1.0,235.0,0,0,9,0,0,9,0.0,,0,0,"{""offset"": 0, ""window"": 120, ""exit"": ""hard"", ""open_trade"": true, ""vwap"": true, ""legs"": true, ""leg_max"": 2, ""rev_mode"": ""off"", ""wait_open"": false, ""maxpos"": 2, ""stack_trig"": ""both"", ""stack_size"": 0.5, ""ma"": 100, ""big_thr"": 25.0, ""big_sl"": 25.0, ""big_tp"": 115.0, ""std_sl"": 20.0, ""std_tp"": 35.0, ""leg_gap"": 20.0, ""leg_sl"": 45.0, ""leg_tp"": 140.0, ""min_fv"": 80.0, ""min_bos"": 15.0, ""disp_pts"": 30.0, ""stack_gap"": 15.0}",0.35,242,-0.029,59,0.191,35,-1355,-4266,-1558,-2108,-8808,-2041,2122,3069,381,0,193,188,0.0,,0,193,,,,,,,
"{""ASIA"": null, ""LDN"": null, ""NY"": 3}",250,4000.0,,,1.02,31494,76,30,0,46,1.0,191.5,0,0,89.7,-62.8,-99.7,94,18,0,76,1.0,209.0,0,0,9,0,0,9,0.0,,0,0,"{""offset"": 0, ""window"": 120, ""exit"": ""hard"", ""open_trade"": true, ""vwap"": true, ""legs"": false, ""leg_max"": 2, ""rev_mode"": ""mixed"", ""wait_open"": true, ""maxpos"": 1, ""stack_trig"": ""fvg"", ""stack_size"": 1.0, ""ma"": 200, ""big_thr"": 10.0, ""big_sl"": 25.0, ""big_tp"": 100.0, ""std_sl"": 35.0, ""std_tp"": 50.0, ""leg_gap"": 15.0, ""leg_sl"": 35.0, ""leg_tp"": 90.0, ""min_fv"": 200.0, ""min_bos"": 20.0, ""disp_pts"": 30.0, ""stack_gap"": 10.0}",0.359,359,-0.251,103,-0.399,75,-505,-2622,1363,-1611,-5578,-516,2838,-3566,381,0,61,320,0.0,,0,61,,,,,,,
"{""ASIA"": null, ""LDN"": null, ""NY"": 9}",250,3000.0,,near,0.82,27660,76,20,0,56,1.0,150.0,0,0,78.8,-64.3,-38.1,94,23,0,71,1.0,201.0,0,0,9,0,0,9,0.0,,0,0,"{""offset"": 0, ""window"": 60, ""exit"": ""hard"", ""open_trade"": true, ""vwap"": true, ""legs"": false, ""leg_max"": 1, ""rev_mode"": ""mixed"", ""wait_open"": false, ""maxpos"": 3, ""stack_trig"": ""both"", ""stack_size"": 1.0, ""ma"": 100, ""big_thr"": 15.0, ""big_sl"": 30.0, ""big_tp"": 100.0, ""std_sl"": 30.0, ""std_tp"": 60.0, ""leg_gap"": 15.0, ""leg_sl"": 45.0, ""leg_tp"": 140.0, ""min_fv"": 200.0, ""min_bos"": 15.0, ""disp_pts"": 15.0, ""stack_gap"": 20.0}",0.315,287,-0.257,71,-0.152,60,-1328,-2428,1970,-1802,1977,-164,1915,-1755,381,0,0,381,0.0,,0,0,,,,,,,
"{""ASIA"": null, ""LDN"": null, ""NY"": 9}",250,2000.0,,near,0.82,27660,76,20,0,56,1.0,150.0,0,0,78.8,-64.3,-38.1,94,23,0,71,1.0,201.0,0,0,9,0,0,9,0.0,,0,0,"{""offset"": 0, ""window"": 60, ""exit"": ""hard"", ""open_trade"": true, ""vwap"": true, ""legs"": false, ""leg_max"": 1, ""rev_mode"": ""mixed"", ""wait_open"": false, ""maxpos"": 3, ""stack_trig"": ""both"", ""stack_size"": 1.0, ""ma"": 100, ""big_thr"": 15.0, ""big_sl"": 30.0, ""big_tp"": 100.0, ""std_sl"": 30.0, ""std_tp"": 60.0, ""leg_gap"": 15.0, ""leg_sl"": 45.0, ""leg_tp"": 140.0, ""min_fv"": 200.0, ""min_bos"": 15.0, ""disp_pts"": 15.0, ""stack_gap"": 20.0}",0.315,287,-0.257,71,-0.152,60,-1328,-2428,1970,-1802,1977,-164,1915,-1755,381,0,0,381,0.0,,0,0,,,,,,,
"{""ASIA"": null, ""LDN"": null, ""NY"": 9}",250,,,near,0.82,27660,76,20,0,56,1.0,150.0,0,0,78.8,-64.3,-38.1,94,23,0,71,1.0,201.0,0,0,9,0,0,9,0.0,,0,0,"{""offset"": 0, ""window"": 60, ""exit"": ""hard"", ""open_trade"": true, ""vwap"": true, ""legs"": false, ""leg_max"": 1, ""rev_mode"": ""mixed"", ""wait_open"": false, ""maxpos"": 3, ""stack_trig"": ""both"", ""stack_size"": 1.0, ""ma"": 100, ""big_thr"": 15.0, ""big_sl"": 30.0, ""big_tp"": 100.0, ""std_sl"": 30.0, ""std_tp"": 60.0, ""leg_gap"": 15.0, ""leg_sl"": 45.0, ""leg_tp"": 140.0, ""min_fv"": 200.0, ""min_bos"": 15.0, ""disp_pts"": 15.0, ""stack_gap"": 20.0}",0.315,287,-0.257,71,-0.152,60,-1328,-2428,1970,-1802,1977,-164,1915,-1755,381,0,0,381,0.0,,0,0,,,,,,,
