baseline,risk,breaker,smart,train_cohorts,train_passed,train_failed,train_open,train_pass_rate,train_med_days,train_fail_daily,train_fail_max,search_cohorts,search_passed,search_failed,search_open,search_pass_rate,search_med_days,search_fail_daily,search_fail_max,final_cohorts,final_passed,final_failed,final_open,final_pass_rate,final_med_days,final_fail_daily,final_fail_max,train_usd_per_day,held_usd_per_day,final_usd_per_day
LIVE,250,2000.0,,76,31,0,45,1.0,170.0,0,0,94,44,0,50,1.0,197.5,0,0,9,0,0,9,0.0,,0,0,103.8,-21.5,221.5
LIVE,250,2000.0,near,76,37,0,39,1.0,162.0,0,0,94,47,0,47,1.0,192.0,0,0,9,0,0,9,0.0,,0,0,103.8,-21.5,221.5
LIVE,250,,,76,30,0,46,1.0,169.5,0,0,94,37,0,57,1.0,184.0,0,0,9,0,0,9,0.0,,0,0,102.6,-21.5,221.5
LIVE,250,,near,76,37,0,39,1.0,164.0,0,0,94,44,0,50,1.0,192.5,0,0,9,0,0,9,0.0,,0,0,102.6,-21.5,221.5
LIVE,500,2000.0,,76,57,0,19,1.0,77.0,0,0,94,63,4,27,0.94,88.0,0,4,9,2,0,7,1.0,33.5,0,0,209.7,-37.0,352.1
LIVE,500,2000.0,near,76,58,0,18,1.0,68.0,0,0,94,67,4,23,0.944,71.0,0,4,9,2,0,7,1.0,32.5,0,0,209.7,-37.0,352.1
LIVE,500,,,76,43,17,16,0.717,75.0,17,0,94,52,21,21,0.712,85.0,19,2,9,3,0,6,1.0,35.0,0,0,205.3,-43.0,443.0
LIVE,500,,near,76,46,16,14,0.742,61.5,16,0,94,62,15,17,0.805,71.0,14,1,9,3,0,6,1.0,35.0,0,0,205.3,-43.0,443.0
LIVE,750,2000.0,,76,49,13,14,0.79,36.0,0,13,94,58,30,6,0.659,38.5,0,30,9,3,0,6,1.0,18.0,0,0,305.6,-97.9,435.8
LIVE,750,2000.0,near,76,49,14,13,0.778,32.0,0,14,94,61,28,5,0.685,37.0,0,28,9,3,0,6,1.0,17.0,0,0,305.6,-97.9,435.8
LIVE,750,,,76,45,17,14,0.726,36.0,11,6,94,53,31,10,0.631,39.0,15,16,9,4,0,5,1.0,21.5,0,0,307.9,-64.5,664.5
LIVE,750,,near,76,47,15,14,0.758,32.0,9,6,94,58,25,11,0.699,36.5,12,13,9,4,0,5,1.0,19.0,0,0,307.9,-64.5,664.5
LIVE,1000,2000.0,,76,47,20,9,0.701,29.0,0,20,94,49,40,5,0.551,33.0,0,40,9,4,0,5,1.0,18.5,0,0,352.5,-228.8,694.4
LIVE,1000,2000.0,near,76,51,16,9,0.761,28.0,0,16,94,54,35,5,0.607,27.0,0,35,9,4,0,5,1.0,17.0,0,0,352.5,-228.8,694.4
LIVE,1000,,,76,38,37,1,0.507,23.0,33,4,94,31,62,1,0.333,23.0,53,9,9,1,4,4,0.2,10.0,4,0,410.7,-86.0,886.1
LIVE,1000,,near,76,43,32,1,0.573,21.0,29,3,94,47,46,1,0.505,22.0,38,8,9,1,4,4,0.2,10.0,4,0,410.7,-86.0,886.1
LIVE,1500,2000.0,,76,36,39,1,0.48,16.5,9,30,94,33,60,1,0.355,16.0,17,43,9,4,2,3,0.667,11.5,0,2,492.1,-299.9,1126.2
LIVE,1500,2000.0,near,76,41,34,1,0.547,15.0,8,26,94,43,50,1,0.462,15.0,14,36,9,5,2,2,0.714,8.0,0,2,492.1,-299.9,1126.2
LIVE,1500,,,76,25,50,1,0.333,15.0,41,9,94,21,72,1,0.226,13.0,52,20,9,1,7,1,0.125,8.0,7,0,616.0,-129.0,1329.1
LIVE,1500,,near,76,31,44,1,0.413,14.0,35,9,94,29,64,1,0.312,13.0,44,20,9,3,5,1,0.375,8.0,5,0,616.0,-129.0,1329.1
LIVE,2000,2000.0,,76,30,45,1,0.4,13.5,8,37,94,34,59,1,0.366,14.0,13,46,9,2,6,1,0.25,13.5,3,3,615.0,-276.5,707.1
LIVE,2000,2000.0,near,76,36,39,1,0.48,12.5,9,30,94,42,51,1,0.452,13.0,13,38,9,4,4,1,0.5,8.0,1,3,615.0,-276.5,707.1
LIVE,2000,,,76,14,61,1,0.187,12.0,50,11,94,19,74,1,0.204,12.0,60,14,9,0,8,1,0.0,,8,0,821.4,-172.0,1772.3
LIVE,2000,,near,76,29,46,1,0.387,10.0,37,9,94,31,62,1,0.333,11.0,47,15,9,3,5,1,0.375,8.0,5,0,821.4,-172.0,1772.3
LIVE+MA100,250,2000.0,,76,14,0,62,1.0,182.0,0,0,94,36,0,58,1.0,191.0,0,0,9,0,0,9,0.0,,0,0,73.7,14.2,239.4
LIVE+MA100,250,2000.0,near,76,14,0,62,1.0,170.0,0,0,94,37,0,57,1.0,188.0,0,0,9,0,0,9,0.0,,0,0,73.7,14.2,239.4
LIVE+MA100,250,,,76,14,0,62,1.0,182.0,0,0,94,36,0,58,1.0,191.0,0,0,9,0,0,9,0.0,,0,0,72.6,14.2,239.4
LIVE+MA100,250,,near,76,14,0,62,1.0,170.0,0,0,94,37,0,57,1.0,188.0,0,0,9,0,0,9,0.0,,0,0,72.6,14.2,239.4
LIVE+MA100,500,2000.0,,76,42,8,26,0.84,92.5,0,8,94,54,10,30,0.844,102.5,0,10,9,2,0,7,1.0,32.5,0,0,143.6,22.6,408.3
LIVE+MA100,500,2000.0,near,76,43,6,27,0.878,87.0,0,6,94,58,12,24,0.829,80.0,0,12,9,2,0,7,1.0,32.5,0,0,143.6,22.6,408.3
LIVE+MA100,500,,,76,42,17,17,0.712,92.5,17,0,94,54,19,21,0.74,103.0,19,0,9,3,0,6,1.0,35.0,0,0,145.1,28.5,478.7
LIVE+MA100,500,,near,76,43,16,17,0.729,87.0,16,0,94,58,15,21,0.795,80.0,15,0,9,4,0,5,1.0,32.5,0,0,145.1,28.5,478.7
LIVE+MA100,750,2000.0,,76,50,11,15,0.82,44.5,0,11,94,59,30,5,0.663,52.0,0,30,9,3,0,6,1.0,18.0,0,0,212.9,0.3,499.0
LIVE+MA100,750,2000.0,near,76,51,10,15,0.836,44.0,0,10,94,63,26,5,0.708,43.0,0,26,9,4,0,5,1.0,19.5,0,0,212.9,0.3,499.0
LIVE+MA100,750,,,76,48,11,17,0.814,48.5,11,0,94,62,14,18,0.816,52.5,11,3,9,4,0,5,1.0,21.5,0,0,217.7,42.7,718.1
LIVE+MA100,750,,near,76,50,9,17,0.847,43.5,9,0,94,65,11,18,0.855,46.0,8,3,9,4,0,5,1.0,19.5,0,0,217.7,42.7,718.1
LIVE+MA100,1000,2000.0,,76,49,13,14,0.79,34.0,0,13,94,54,29,11,0.651,38.0,0,29,9,4,0,5,1.0,18.5,0,0,269.1,-46.8,750.3
LIVE+MA100,1000,2000.0,near,76,51,11,14,0.823,31.0,0,11,94,57,26,11,0.687,30.0,0,26,9,5,0,4,1.0,15.0,0,0,269.1,-46.8,750.3
LIVE+MA100,1000,,,76,41,34,1,0.547,29.0,30,4,94,41,52,1,0.441,34.0,44,8,9,1,4,4,0.2,10.0,4,0,290.3,56.9,957.6
LIVE+MA100,1000,,near,76,44,31,1,0.587,26.0,28,3,94,50,43,1,0.538,27.0,36,7,9,1,4,4,0.2,10.0,4,0,290.3,56.9,957.6
LIVE+MA100,1500,2000.0,,76,39,36,1,0.52,22.0,8,28,94,36,57,1,0.387,20.5,17,40,9,3,3,3,0.5,10.0,0,3,405.9,-44.7,1210.1
LIVE+MA100,1500,2000.0,near,76,41,34,1,0.547,17.0,7,27,94,50,43,1,0.538,20.5,14,29,9,4,3,2,0.571,9.5,0,3,405.9,-44.7,1210.1
LIVE+MA100,1500,,,76,33,42,1,0.44,21.0,34,8,94,30,63,1,0.323,16.5,46,17,9,1,7,1,0.125,8.0,7,0,435.4,85.4,1436.3
LIVE+MA100,1500,,near,76,35,40,1,0.467,17.0,31,9,94,35,58,1,0.376,15.0,40,18,9,2,6,1,0.25,8.0,6,0,435.4,85.4,1436.3
LIVE+MA100,2000,2000.0,,76,35,40,1,0.467,17.0,15,25,94,41,52,1,0.441,18.0,22,30,9,2,6,1,0.25,13.5,3,3,534.6,-36.9,762.4
LIVE+MA100,2000,2000.0,near,76,42,33,1,0.56,14.0,11,22,94,54,39,1,0.581,15.5,11,28,9,3,5,1,0.375,8.0,1,4,534.6,-36.9,762.4
LIVE+MA100,2000,,,76,14,61,1,0.187,12.0,50,11,94,18,75,1,0.194,12.5,61,14,9,0,8,1,0.0,,8,0,580.7,113.8,1915.1
LIVE+MA100,2000,,near,76,24,51,1,0.32,11.0,42,9,94,32,61,1,0.344,13.0,46,15,9,2,6,1,0.25,8.0,6,0,580.7,113.8,1915.1
DISP_FV,250,2000.0,,76,38,8,30,0.826,132.5,0,8,94,77,11,6,0.875,113.0,0,11,9,0,2,7,0.0,,0,2,118.7,170.9,-18.8
DISP_FV,250,2000.0,near,76,36,10,30,0.783,133.5,0,10,94,78,10,6,0.886,125.5,0,10,9,0,2,7,0.0,,0,2,118.7,170.9,-18.8
DISP_FV,250,,,76,35,8,33,0.814,143.0,0,8,94,77,11,6,0.875,125.0,0,11,9,0,2,7,0.0,,0,2,109.5,182.6,-45.1
DISP_FV,250,,near,76,33,10,33,0.767,152.0,0,10,94,78,10,6,0.886,108.0,0,10,9,0,2,7,0.0,,0,2,109.5,182.6,-45.1
DISP_FV,500,2000.0,,76,17,50,9,0.254,19.0,0,50,94,43,48,3,0.473,39.0,0,48,9,0,6,3,0.0,,0,6,226.3,152.6,-102.2
DISP_FV,500,2000.0,near,76,29,38,9,0.433,33.0,0,38,94,46,45,3,0.505,37.0,0,45,9,0,6,3,0.0,,0,6,226.3,152.6,-102.2
DISP_FV,500,,,76,26,49,1,0.347,36.5,28,21,94,40,53,1,0.43,35.0,29,24,9,0,6,3,0.0,,6,0,219.0,365.3,-90.2
DISP_FV,500,,near,76,30,44,2,0.405,30.5,25,19,94,42,50,2,0.457,31.0,26,24,9,1,5,3,0.167,11.0,5,0,219.0,365.3,-90.2
DISP_FV,750,2000.0,,76,30,40,6,0.429,22.5,0,40,94,26,65,3,0.286,20.0,0,65,9,0,6,3,0.0,,0,6,393.0,-96.3,44.2
DISP_FV,750,2000.0,near,76,37,35,4,0.514,22.0,0,35,94,31,60,3,0.341,18.0,0,60,9,1,5,3,0.167,8.0,0,5,393.0,-96.3,44.2
DISP_FV,750,,,76,23,52,1,0.307,23.0,37,15,94,20,73,1,0.215,20.0,44,29,9,0,6,3,0.0,,6,0,328.4,547.9,-135.3
DISP_FV,750,,near,76,29,46,1,0.387,19.0,30,16,94,30,63,1,0.323,18.5,37,26,9,0,6,3,0.0,,6,0,328.4,547.9,-135.3
DISP_FV,1000,2000.0,,76,34,40,2,0.459,18.5,2,38,94,36,56,2,0.391,19.5,2,54,9,0,6,3,0.0,,0,6,580.3,84.1,515.9
DISP_FV,1000,2000.0,near,76,40,34,2,0.541,17.0,0,34,94,43,49,2,0.467,17.0,0,49,9,1,5,3,0.167,8.0,0,5,580.3,84.1,515.9
DISP_FV,1000,,,76,13,62,1,0.173,17.0,53,9,94,11,82,1,0.118,18.0,68,14,9,0,8,1,0.0,,7,1,438.0,730.5,-180.2
DISP_FV,1000,,near,76,24,51,1,0.32,17.0,38,13,94,26,67,1,0.28,17.0,46,21,9,0,8,1,0.0,,7,1,438.0,730.5,-180.2
DISP_FV,1500,2000.0,,76,23,52,1,0.307,14.0,20,32,94,19,74,1,0.204,13.0,28,46,9,0,6,3,0.0,,2,4,850.7,143.9,773.8
DISP_FV,1500,2000.0,near,76,33,42,1,0.44,13.0,9,33,94,33,60,1,0.355,13.0,16,44,9,2,4,3,0.333,10.0,0,4,850.7,143.9,773.8
DISP_FV,1500,,,76,13,62,1,0.173,13.0,55,7,94,12,81,1,0.129,15.5,67,14,9,0,8,1,0.0,,7,1,657.0,1095.7,-270.4
DISP_FV,1500,,near,76,27,48,1,0.36,13.0,38,10,94,26,67,1,0.28,13.0,49,18,9,0,8,1,0.0,,7,1,657.0,1095.7,-270.4
DISP_FV,2000,2000.0,,76,17,59,0,0.224,13.0,21,38,94,22,72,0,0.234,14.5,23,49,9,0,8,1,0.0,,0,8,810.8,-72.7,719.5
DISP_FV,2000,2000.0,near,76,28,48,0,0.368,10.5,8,40,94,30,64,0,0.319,10.5,13,51,9,1,7,1,0.125,10.0,1,6,810.8,-72.7,719.5
DISP_FV,2000,,,76,7,69,0,0.092,13.0,56,13,94,8,86,0,0.085,17.5,71,15,9,0,8,1,0.0,,8,0,876.1,1460.9,-360.5
DISP_FV,2000,,near,76,18,58,0,0.237,10.0,44,14,94,19,75,0,0.202,10.0,59,16,9,0,8,1,0.0,,8,0,876.1,1460.9,-360.5
DISP_FV+MA100,250,2000.0,,76,22,10,44,0.688,230.5,0,10,94,83,0,11,1.0,167.0,0,0,9,0,0,9,0.0,,0,0,67.6,193.9,23.5
DISP_FV+MA100,250,2000.0,near,76,27,1,48,0.964,231.0,0,1,94,83,0,11,1.0,165.0,0,0,9,0,0,9,0.0,,0,0,67.6,193.9,23.5
DISP_FV+MA100,250,,,76,17,13,46,0.567,231.0,0,13,94,78,3,13,0.963,175.5,0,3,9,0,2,7,0.0,,0,2,61.5,194.5,-2.9
DISP_FV+MA100,250,,near,76,24,4,48,0.857,232.5,0,4,94,78,3,13,0.963,171.0,0,3,9,0,2,7,0.0,,0,2,61.5,194.5,-2.9
DISP_FV+MA100,500,2000.0,,76,18,38,20,0.321,107.5,0,38,94,42,49,3,0.462,73.5,0,49,9,0,6,3,0.0,,0,6,108.4,206.2,-46.0
DISP_FV+MA100,500,2000.0,near,76,35,24,17,0.593,88.0,0,24,94,41,50,3,0.451,62.0,0,50,9,0,5,4,0.0,,0,5,108.4,206.2,-46.0
DISP_FV+MA100,500,,,76,35,40,1,0.467,91.0,30,10,94,37,56,1,0.398,61.0,29,27,9,0,6,3,0.0,,6,0,122.9,389.0,-5.7
DISP_FV+MA100,500,,near,76,37,37,2,0.5,77.0,27,10,94,37,55,2,0.402,49.0,26,29,9,1,5,3,0.167,11.0,5,0,122.9,389.0,-5.7
DISP_FV+MA100,750,2000.0,,76,24,43,9,0.358,34.0,0,43,94,26,65,3,0.286,28.0,0,65,9,0,6,3,0.0,,0,6,185.8,78.2,107.3
DISP_FV+MA100,750,2000.0,near,76,33,38,5,0.465,35.0,0,38,94,32,59,3,0.352,27.5,0,59,9,1,5,3,0.167,8.0,0,5,185.8,78.2,107.3
DISP_FV+MA100,750,,,76,24,51,1,0.32,34.0,31,20,94,21,72,1,0.226,33.0,38,34,9,0,6,3,0.0,,6,0,184.4,583.5,-8.6
DISP_FV+MA100,750,,near,76,27,48,1,0.36,32.0,28,20,94,30,63,1,0.323,29.5,29,34,9,0,6,3,0.0,,6,0,184.4,583.5,-8.6
DISP_FV+MA100,1000,2000.0,,76,31,43,2,0.419,28.0,0,43,94,46,46,2,0.5,31.5,0,46,9,0,6,3,0.0,,0,6,345.4,269.4,571.8
DISP_FV+MA100,1000,2000.0,near,76,35,39,2,0.473,22.0,0,39,94,50,42,2,0.543,23.0,0,42,9,1,5,3,0.167,8.0,0,5,345.4,269.4,571.8
DISP_FV+MA100,1000,,,76,18,57,1,0.24,28.5,43,14,94,17,76,1,0.183,37.0,62,14,9,0,8,1,0.0,,7,1,246.0,778.0,-11.3
DISP_FV+MA100,1000,,near,76,25,50,1,0.333,27.0,34,16,94,35,58,1,0.376,26.0,39,19,9,0,8,1,0.0,,7,1,246.0,778.0,-11.3
DISP_FV+MA100,1500,2000.0,,76,27,48,1,0.36,19.0,17,31,94,26,67,1,0.28,18.5,24,43,9,0,6,3,0.0,,2,4,518.1,421.8,857.7
DISP_FV+MA100,1500,2000.0,near,76,33,42,1,0.44,18.0,8,34,94,41,52,1,0.441,17.0,14,38,9,3,3,3,0.5,10.0,0,3,518.1,421.8,857.7
DISP_FV+MA100,1500,,,76,18,57,1,0.24,20.5,45,12,94,20,73,1,0.215,23.5,56,17,9,0,8,1,0.0,,7,1,368.9,1167.0,-17.1
DISP_FV+MA100,1500,,near,76,28,47,1,0.373,17.5,30,17,94,30,63,1,0.323,16.5,39,24,9,0,8,1,0.0,,7,1,368.9,1167.0,-17.1
DISP_FV+MA100,2000,2000.0,,76,14,62,0,0.184,15.0,27,35,94,22,72,0,0.234,18.0,22,50,9,0,8,1,0.0,,0,8,596.6,-32.4,774.9
DISP_FV+MA100,2000,2000.0,near,76,25,51,0,0.329,11.0,6,45,94,36,58,0,0.383,15.0,10,48,9,1,7,1,0.125,10.0,1,6,596.6,-32.4,774.9
DISP_FV+MA100,2000,,,76,6,70,0,0.079,15.0,51,19,94,7,87,0,0.074,18.0,65,22,9,0,8,1,0.0,,8,0,491.9,1556.0,-22.7
DISP_FV+MA100,2000,,near,76,17,59,0,0.224,10.0,37,22,94,18,76,0,0.191,10.0,51,25,9,0,8,1,0.0,,8,0,491.9,1556.0,-22.7
